Comp.	Score	UserID	Pseudo	#golf,count=1120,time=2022-10-08 00:46:01
100	30	3380184	chouch	
100	33	1537792	AsaiYusuke	
100	33	334009	abouvier	
100	34	1483723	d-s-x	
100	38	806416	awnion	
100	38	2315623	Lydxn	
100	38	4173373	Sisyphus__	
100	38	4173267	CyJoKing	
100	38	4166555	Natanalel	
100	38	4454770	AbrahamJLR	
100	38	3740142	AkshatJ1127	
100	40	1654818	tarapitha	
100	40	2928146	LolCat	
100	41	4865817	big_rooster_energy	
100	42	2142961	masterpoo	
100	43	2874091	5DN1L	
100	44	1061576	Samesamz	
100	44	4263196	gilufin	
100	44	3893564	Andriamanitra	
100	44	1470927	MisterQuidam	
100	44	4122723	Hydrazer	
100	44	2532837	fauresebast	
100	44	1070431	juicemitapfelndrin	
100	44	3702930	WhaIe	
100	44	3845610	pardouin	
100	45	600941	mrv	
100	45	490905	lechium06_	
100	45	2178794	Unihedron	
100	45	1021946	a_Tom	
100	45	2317470	Euphedias	
100	45	2288263	dbdr	
100	45	4116084	grahamcracker1234	
100	45	4395513	IndecisionTree	
100	45	1201783	qsantos	
100	45	4341304	Remi.	
100	45	4124688	Murat_Eroglu	
100	45	153016	Krap	
100	45	4789438	Enowise	
100	45	1348635	ferbos	
100	46	1122412	TheNinja	
100	46	1515891	ndc	
100	46	1390607	Ivan_Derzhylo	
100	46	3335896	_martynas	
100	46	4056731	Luj8n	
100	46	953901	MathieuMahe	
100	46	411945	Ripoder	
100	46	4420742	Mortis_666	
100	46	4396510	PopcornPlant	
100	47	1186273	knacky	
100	47	1038830	rubicon	
100	47	1483798	hm001	
100	47	404560	Uquu	
100	47	557990	Wazemo	
100	47	1915856	bochsdbg	
100	47	1620803	Lyapunov	
100	47	1066028	JrmC	
100	47	3982709	lukasjapan	
100	47	4076210	magurofly	
100	47	3823708	blald	
100	47	1481673	robymus	
100	47	1706034	Patricia	
100	47	3703485	anter69	
100	47	3971358	OldJohn	
100	47	1630890	Wld	
100	47	1566335	BeardedWhale	
100	47	3792309	schachmatt	
100	47	4622964	Haradwaith	
100	47	3657275	jujurocking	
100	47	3598201	LiudasStaniulis	
100	47	3514975	PhuRiNaT	
100	47	4110073	souta_1326	
100	47	4317574	juliendbg	
100	47	4791882	FlorentC	
100	47	4917607	Filip_Razek	
100	47	4037601	Jelafo	
100	48	169033	Yasser	
100	48	1211531	ciaojian	
100	48	733335	DJNour	
100	48	1339790	Kyran	
100	48	1235673	Lirkin	
100	48	1201796	P.Greze	
100	48	1399382	Regulus136	
100	48	1671658	Kirbiby	
100	48	886483	R4N4R4M4	
100	48	1193459	izanbf	
100	48	1818596	wec	
100	48	2067176	0bug	
100	48	2416641	Zenoscave	
100	48	1876212	PFischbeck	
100	48	1436891	MaxAdrian	
100	48	1691111	Swarlston	
100	48	1353795	TheCrucial	
100	48	3808031	_proton	
100	48	1540478	struct	
100	48	2888129	terazoid	
100	48	3353015	Salted	
100	48	4154326	montplusa	
100	48	154408	Pollo_loco	
100	48	4420094	Pr0j3c71Le	
100	48	4454468	KNTK	
100	48	1030709	Cmdr.Shepard	
100	48	1100752	ValNykol	
100	48	893541	wala	
100	48	1865617	StepanSmirnov	
100	48	1524312	sorashi	
100	49	512097	Stilgart	
100	49	1020893	Vearagi	
100	49	155774	dwarfie	
100	49	365796	CvxFous	
100	49	1402968	MMMAAANNN	
100	49	1410353	SwagColoredKitteh	
100	49	1469666	alenic	
100	49	371603	martin	
100	49	1065845	Oli8	
100	49	1425410	AgentJam	
100	49	1904813	Myldero	
100	49	1093968	milosMATRIXrepic	
100	49	838693	PinkHadouken	
100	49	333934	CrazyMerlyn	
100	49	2367170	sashaGrey	
100	49	1740037	ereiam	
100	49	746260	rhr	
100	49	1739595	Bemethor	
100	49	1351763	gatto	
100	49	2341447	algmyr	
100	49	1193679	Icebox	
100	49	225875	Leff	
100	49	1029251	Simon5	
100	49	2786666	TetraktysPhi	
100	49	1178276	Jerome_95	
100	49	3190867	TomaszJozwik	
100	49	1569823	Niako	
100	49	3226448	tobk	
100	49	992329	BeeGee	
100	49	440476	yowa	
100	49	1816413	Joyescat	
100	49	1287344	Alshock	
100	49	1629259	Marchete	
100	49	1505715	Yiin	
100	49	3721214	jrke	
100	49	1895212	Maxlaxs	
100	49	3859594	Lonesurvivor	
100	49	3354337	Westicles	
100	49	2552218	Jakque	
100	49	948764	Katie	
100	49	826671	kayou	
100	49	4095128	Voltmachine	
100	49	1324974	ViktorCs	
100	49	2315158	luigi_gelato	
100	49	2668649	pawito	
100	49	1467794	FabJunior	
100	49	3516345	Jp82	
100	49	4574461	JonathanCabezas	
100	49	2924895	trictrac	
100	49	4393608	galloj	
100	49	3573554	Furetani	
100	49	4722187	Eberhardt	
100	49	4182801	micha4w	
100	49	4183089	PringleOrange	
100	49	884874	Zauberer	
100	49	4580027	Veco	
100	49	3838616	__Holmes__	
100	49	5054384	Js_noob	
100	50	638784	Yqnn	
100	50	600997	mmi	
100	50	1081960	ninja	
100	50	1166600	Gill153	
100	50	1206537	MadKnight	
100	50	1114496	BlasphemousCrossbreed	
100	50	1122567	diziaq	
100	50	1608370	Daikon	
100	50	933611	zfurman	
100	50	1479264	ArbustRe	
100	50	710240	Regedit	
100	50	1673971	Lanken	
100	50	1700680	arbitrarily	
100	50	1545656	mvren	
100	50	973040	papyjo	
100	50	993797	Bassintag	
100	50	1348523	Numb_	
100	50	1300254	Escdemon	
100	50	1743393	Yudzhin	
100	50	1756054	Gulzt	
100	50	2033820	TestPerson	
100	50	1323621	Blablub	
100	50	834202	Racso	
100	50	1854639	iDxMeG	
100	50	387832	Mr.P	
100	50	1068877	[CPC]Tamno	
100	50	2096266	southzz	
100	50	2158902	Snowbart	
100	50	1903031	hard-coded	
100	50	2206291	10100111001	
100	50	1712214	_CP	
100	50	482445	BogdanSavchenko	
100	50	2290633	field3	
100	50	2596478	motine	
100	50	709490	Sinlepuissant	
100	50	2038255	kemarac	
100	50	2644587	Fl4sh	
100	50	2348615	CedricT	
100	50	2726969	alokhmutov	
100	50	2669104	KBurov	
100	50	2615786	nyiti	
100	50	2837654	R2B2	
100	50	3002969	Porsuk	
100	50	2387233	SinOfWrath	
100	50	848352	Munto	
100	50	2744095	ArSeNiK	
100	50	1920520	brady	
100	50	3436443	Mazelcop	
100	50	2923506	darkhorse64	
100	50	3162821	Discourage	
100	50	154806	piwai	
100	50	1518504	bohuss	
100	50	1321075	ugur	
100	50	460515	ogi	
100	50	862919	Astrobytes	
100	50	2453008	Crypticsy	
100	50	1527403	Di_Masta	
100	50	154388	PonyPonyCodeCode	
100	50	831195	samgiz	
100	50	3238300	WarTey	
100	50	1838330	thunder_luxray	
100	50	3358328	chugunov	
100	50	3647844	rc95401	
100	50	4186883	Imdone	
100	50	2633338	AZJ	
100	50	1179950	PattoWaGuruDesu	
100	50	4255489	VonPawel	
100	50	2434422	GilMaN	
100	50	4055065	snara	
100	50	1880197	bicklil	
100	50	4308802	Ascodran	
100	50	1156852	CoolStoryBro	
100	50	975057	LeoTigers	
100	50	4206982	slempel	
100	50	4060624	System.out.println_Hello	
100	50	4538788	AlecMan	
100	50	4685008	DialFrost	
100	50	3899502	JustCarpinThemDiems	
100	50	3523247	alexcercos	
100	50	3574858	lolTempest	
100	50	2377220	arstneio	
100	50	4179217	Rutus	
100	50	792813	VilBoub	
100	50	3876796	Dyavolo	
100	50	4377989	khanglovesIT	
100	50	534361	MrPapaya	
100	50	4952115	Goesting	
100	50	1904082	WIlChrist	
100	51	574371	Dillysfriend	
100	51	545951	AntonT	
100	51	972894	resty-daze	
100	51	1193408	DoubleZeroSteph	
100	51	1394130	remio	
100	51	494962	illa	
100	51	1107599	NoOne	
100	51	1691246	L.	
100	51	1121157	rliukshyn	
100	51	841814	kdridi	
100	51	1274206	pidjaman	
100	51	1398625	zetraison	
100	51	1335058	0950	
100	51	1889170	mvujas	
100	51	2096064	xiao.sha	
100	51	155723	gfauchart	
100	51	2621620	spirith	
100	51	1442344	PavelRaskin	
100	51	1628729	Brandonarmand	
100	51	2744598	zloyrusskiy	
100	51	2196209	Actium	
100	51	1542006	1764	
100	51	1755352	dave26540	
100	51	1299811	bin0m	
100	51	1678976	Gorbit99	
100	51	1584802	emh	
100	51	2325449	otpv	
100	51	4038295	rmnShk	
100	51	685049	JoshCheek	
100	51	2064633	kev_in	
100	51	4452683	geneccx	
100	51	4095799	circular17	
100	51	4461635	Tibirius	
100	51	3681143	WillRBX	
100	51	2565497	vladislao	
100	51	4276144	MeWhenI	
100	51	4756200	tueda	
100	52	574656	dmpage	
100	52	1416003	knugie	
100	52	1348621	sephi	
100	52	1471584	DoomedFlo	
100	52	846838	K.MA	
100	52	1607025	agsantiago	
100	52	888439	ysharc	
100	52	1612475	superhoang	
100	52	1797970	sepp2k	
100	52	1436776	BrainSolver	
100	52	2298486	EsperanzaGomez	
100	52	2491794	jD0tm	
100	52	865548	Kktus	
100	52	1288490	aka.lzero	
100	52	2490008	ebicochineal	
100	52	1760921	[Leonardone]-[-_-]-[NEETSDKASU]	
100	52	1069346	Faibbus	
100	52	554140	mel-mouk	
100	52	404191	darthvedar	
100	52	3199365	Rubis	
100	52	735487	amurushkin	
100	52	953094	Witman	
100	52	3483490	rak1507	
100	52	587769	infusion	
100	52	679101	Dazzle	
100	52	1938265	ANONYMOUS42	
100	52	2066683	padobranac	
100	52	173928	lacrosse	
100	52	3376384	esteban616	
100	52	4496623	npkt	
100	52	154937	[CG]BOUGA	
100	52	4726948	Mince	
100	52	2869123	minawk	
100	52	1234947	kuro	
100	52	1802967	Meruem	
100	53	507383	Vadasz	
100	53	1255693	Noxilex	
100	53	1210325	Scotow	
100	53	1449264	Gadzy.fr	
100	53	879321	S7ven	
100	53	1382326	Massoud	
100	53	1599292	shinesoul	
100	53	1375450	OneTime	
100	53	1597255	Mitchell_A	
100	53	186225	bob1	
100	53	1502637	BlaBla	
100	53	1663292	nemolovich	
100	53	1753077	codingWhale	
100	53	837350	BorisZ	
100	53	1525816	Flodnes	
100	53	1512032	TrAnd	
100	53	1903545	miller-a61	
100	53	989993	Hatscat	
100	53	2046999	Reportplz	
100	53	854169	Silmaen	
100	53	1522923	Tear	
100	53	616535	Eldergrim	
100	53	2315411	cejonio	
100	53	2476480	ProloEnPunto	
100	53	972917	norbi97	
100	53	1840946	zazaboon	
100	53	3503501	Dagnarus	
100	53	435967	NullNilNone	
100	53	3197648	Uiniel	
100	53	2508635	hemhel	
100	53	1140177	yckmciaiy	
100	53	3770485	zakki	
100	53	3054157	JaggBow	
100	53	3416055	ItsAFeature	
100	53	3924101	kzntz	
100	53	4074625	Clash_of_Cock	
100	53	1050421	geppoz	
100	53	4247237	ChiliCheese	
100	53	1588583	dANNs	
100	53	4300969	thomasgonda3	
100	53	397691	TeknighT	
100	53	311035	leojean890	
100	53	4286679	fungi_star	
100	53	4191122	ManonCodd	
100	53	2813793	itsjustfreekie	
100	53	1382701	peckolai	
100	53	1073247	_NikJ	
100	53	869546	Gizmoooh	
100	53	1022877	MariosK	
100	53	3283415	Bon[]Crayon	
100	53	4592681	Urutar	
100	53	3897897	____Z_X_C____	
100	53	4508271	The-remainer	
100	53	4688782	CharlesRoman	
100	53	3717379	bobbieX	
100	53	4061637	Sinonai	
100	53	4616322	OneForCode	
100	53	1788623	knarfw	
100	53	3770880	Yu_212	
100	53	4268887	XeroOl	
100	53	3514820	Inferno_dragon	
100	53	5086754	degreste	
100	54	714616	ciel	
100	54	1245647	[CPC]Herbert	
100	54	875453	Chapel	
100	54	815178	Alexander	
100	54	1497916	KirillKaiumov	
100	54	1446679	Janus	
100	54	1013757	RikyM	
100	54	609000	ustimaw	
100	54	1060119	Submoon	
100	54	1670373	bcc32	
100	54	1532586	Kruemel	
100	54	1618260	MarkTellez	
100	54	715319	poksh	
100	54	1702117	nullie	
100	54	1377377	Klumbe	
100	54	1802013	MarcoScheel	
100	54	1856796	Farls	
100	54	553938	MagAlex	
100	54	1857772	darkange69	
100	54	2106827	shangshandaye	
100	54	2116157	ivfun	
100	54	1522873	ZHUXiang	
100	54	2106931	FanDongsheng	
100	54	2077428	Ysaak	
100	54	2111492	HCLarsen	
100	54	1432947	empathy87	
100	54	1120964	DeltaEvo	
100	54	2006324	Djangonaut	
100	54	896285	Plox	
100	54	1842440	07734willy	
100	54	2667209	crashoz	
100	54	2681081	mizfas	
100	54	930118	Regule	
100	54	931062	Blue007422	
100	54	2787474	Zhelonkin	
100	54	2242201	Maryan	
100	54	905122	nILS	
100	54	1502463	jitsch	
100	54	2317026	SomLuckyBoi	
100	54	1731005	4X_Pro	
100	54	2407700	adoxography	
100	54	988113	ExtremeBrise	
100	54	2464160	Taeth	
100	54	3317583	Mjo	
100	54	1810014	Pentaguy	
100	54	3842312	Brokolis	
100	54	3896189	macobo	
100	54	1627246	jkumara	
100	54	3944763	fschuetz04	
100	54	2452056	jk622	
100	54	1032767	shhdup	
100	54	1342741	ltDan	
100	54	1346262	ggnel	
100	54	3981543	DrQuarius	
100	54	3479792	StepBack13	
100	54	2991446	Haksell	
100	54	208864	Garutha	
100	54	2536538	Pduhard-	
100	54	304126	kami	
100	54	3311670	sibprogrammer	
100	54	336746	luxcem	
100	54	4320868	NextLegacy	
100	54	4625557	lucjansz	
100	54	4629445	aspiranek	
100	54	1839941	Just4FunCoder	
100	54	4447108	MonkeyFeathers	
100	54	4457527	KerbalNo15	
100	54	4994436	ldvcgllm	
100	54	303151	MoOT.Cube	
100	54	4841063	Naxus	
100	55	513549	y0p	
100	55	1342745	Catiminie	
100	55	389632	ma	
100	55	1127109	abeaumont	
100	55	1857171	AdamB	
100	55	1286277	Belzh	
100	55	1470019	ndimov	
100	55	1110112	RShields	
100	55	224676	Jin66	
100	55	1626913	AdrienTurmo	
100	55	3564009	Waffle3z	
100	55	3410351	Deltaspace	
100	55	389473	BigBart	
100	55	4191117	sleroy	
100	55	2230279	TheXeos	
100	55	3344707	MirroredCat	
100	55	4300995	yeeyee-lookin-ass-mf	
100	55	3533314	skotz	
100	55	1939310	MasterOf_	
100	55	1171342	okaduki	
100	55	3996809	VizGhar	
100	56	681744	zkilo	
100	56	1503582	Philoponus	
100	56	588783	adwiii	
100	56	1133116	monique	
100	56	1534273	Jooraz	
100	56	1894079	HeliosIsCoding	
100	56	1989461	TheAustinSeven	
100	56	452641	masakt	
100	56	847516	minktom	
100	56	1485989	ReActiveNZ	
100	56	1555765	DewJunkie	
100	56	864308	plewanda	
100	56	3086704	Sleepthief	
100	56	3145069	marcjanek	
100	56	2662675	redline	
100	56	1625948	Oleksiy	
100	56	1467559	Guillaumelale	
100	56	3397479	XorZy	
100	56	580424	siman	
100	56	974533	Brwa	
100	56	3533119	wlesavo	
100	56	1200669	houseofsuns	
100	56	1693448	KoenduBuf	
100	56	4072753	mdstoy	
100	56	1955780	HiDoc	
100	56	4149936	Gao-Jun	
100	57	1155071	Khdoop	
100	57	1373701	MartinBruna	
100	57	1335230	jft63	
100	57	818780	bbodin01	
100	57	153774	cocoche007	
100	57	3584929	michaelbaudino	
100	57	1410483	mithrandier	
100	57	4117624	Thibb1	
100	57	4726023	Monluc	
100	58	1601399	frederikspang	
100	58	826372	skyyker	
100	58	1720782	sjauld	
100	58	962569	[K]Gabor	
100	58	828756	tmwh	
100	58	1115081	sergeif	
100	58	1432997	frullah	
100	58	1311521	dbzadnen	
100	58	2131793	GuSilverFlame	
100	58	2433536	GiantPanda	
100	58	2867477	MichaelKommandant	
100	58	2802859	tdeo	
100	58	154996	shashwat986	
100	58	490588	Uljahn	
100	58	3938961	DBPhoenix	
100	58	3948124	Sorc	
100	58	3958580	HITO	
100	58	4324957	SpaceInvaders	
100	58	4855310	KirillIO	
100	59	1243659	kfrapin	
100	59	717675	someone9999	
100	59	1521217	Quincunx	
100	59	1510015	Aiss	
100	59	1035754	Bassel	
100	59	1733217	arctic-fox	
100	59	1630013	omarsahl	
100	59	1975116	AtteLynx	
100	59	905191	Vince31	
100	59	1666878	Zizwar	
100	59	2327967	Karocyt	
100	59	2565265	Pawel.S	
100	59	2823570	Qujja	
100	59	1443195	ThE_MaD1706	
100	59	2194865	paranoidduck	
100	59	1022925	Adrien.	
100	59	1525831	ntsd	
100	59	1158098	Matjaz	
100	59	4127584	Ran222	
100	59	3441967	KenOhSoldier	
100	59	1709070	platypus999	
100	59	4009347	JaworWr	
100	59	4688439	Angs	
100	59	4879161	kyuko_haboro	
100	59	4120837	philipplenk	
100	59	2090090	agios	
100	59	1458246	Httpsx	
100	60	1000893	TristanBrismontier	
100	60	831778	jedau	
100	60	1273087	Niklex	
100	60	1188192	mandrak3	
100	60	1796070	MinorScale	
100	60	1411735	lordaniel	
100	60	911777	MasakiKyosuke	
100	60	3611465	FooBat	
100	60	2854802	Hmm...	
100	60	385699	Nikai	
100	60	3866090	Creuz	
100	60	3881824	aprasath	
100	60	4311593	james7b2	
100	60	4294044	simsimlafamille	
100	60	4452418	rorekk	
100	60	2206075	Jon...	
100	60	4589241	Setra022	
100	60	4158940	nacho_cheesefries	
100	60	4683897	ibori	
100	60	4587710	Smetalka	
100	60	3663654	neatcoder	
100	60	4438505	[CUBE]	
100	61	939112	Doomer3D	
100	61	1648598	long-long-float	
100	61	2165068	caerbannog	
100	61	282701	MarcelBrouette	
100	61	2628790	AlexAmoureux	
100	61	2220348	Vlad_Yermakov	
100	61	2006629	a_muraka	
100	61	1473017	justhalf	
100	61	3962136	l4hg	
100	61	2638020	ja_fica	
100	61	3377745	mathieuv	
100	61	2589340	Zource	
100	61	2482615	Zenobia	
100	61	890959	Beast_HQ	
100	62	425477	selslack	
100	62	1071140	BeberLeNewbie	
100	62	1001096	MyIIone	
100	62	936356	Tajasch	
100	62	1521777	ravac	
100	62	1702373	Iamhere55	
100	62	1676761	jnoyola	
100	62	1960233	AntonBorzenko	
100	62	2007531	Strategy	
100	62	1430796	_PereKastor_	
100	62	2560383	saidmarar	
100	62	3320101	megahallon	
100	62	3361894	Retired	
100	62	3999460	jcweaver	
100	62	3864752	MuddySneakers	
100	62	4207930	go6o12344	
100	62	2371389	Franta	
100	62	380805	Xtendz	
100	62	5025901	user9431	
100	62	4866820	tinuviel60	
100	62	3371531	Zasalamel	
100	63	1714883	wizenink	
100	63	1657142	Shalmezad	
100	63	1120990	dmw	
100	63	2257142	aarond	
100	63	1394530	Idleless	
100	63	1061242	martinpapa69	
100	63	3348811	Kaes	
100	63	3245819	TomA	
100	63	3917420	trold	
100	63	4128828	Vigasaurus	
100	63	3341438	WWWWWWWWWWWWWWWWWWWWWWWWWWWWWWWM	
100	63	2470538	methusela	
100	63	3904675	ggolfz	
100	63	3664465	Icenore	
100	64	1027100	arke	
100	64	938374	UnmanagedCode	
100	64	835636	texus	
100	64	650661	Syro	
100	64	843723	Walz	
100	64	1193731	vamPierchen	
100	64	1785670	Squallfirst	
100	64	1753072	MrOne	
100	64	1931087	CodingBot	
100	64	1765600	AlfaisalJauhari	
100	64	1472275	Shirotha	
100	64	578766	mogron	
100	64	2285589	Klamss	
100	64	1838549	orangesnowfox	
100	64	2713608	LostSymphony	
100	64	3623576	InJustice	
100	64	3717149	Jef808	
100	64	962495	eboot	
100	64	154504	Harenome	
100	64	4125934	escadara	
100	64	3857428	phile13	
100	64	4083405	jzen	
100	65	675132	salda004	
100	65	154348	ProYd	
100	65	1206540	Modemaizer	
100	65	1557469	Mttlnz	
100	65	1490676	w0st	
100	65	1639807	kubked	
100	65	949302	paweu	
100	65	880365	Vitorvgc	
100	65	751220	f1u77y	
100	65	3635585	jomi-se	
100	65	3749793	WINWINWIN	
100	65	828239	[SG]Sebastien	
100	65	1848459	Velcoro	
100	65	1295111	Andrii.Bakulin	
100	65	4175338	tawrelkate	
100	65	4493640	ChuaZhengHongJonathan	
100	65	1781541	Schwase	
100	65	4257588	WhoTho	
100	65	5038905	FnControlOption	
100	66	1354623	Second_Ideal	
100	66	1857055	Mittzir	
100	66	1966319	0x6E0FF	
100	66	478664	kmar	
100	66	2719910	Guliverza	
100	66	1086669	FreeKent	
100	66	717196	NWDD	
100	66	3812486	gitKad	
100	67	906126	bONEY	
100	67	1477749	Shadeke	
100	67	1355842	slaghn	
100	67	3280748	Defelo	
100	67	1436568	SashaGrey	
100	67	4278644	xLurchx	
100	67	4314795	CPX99	
100	67	3080189	Multiplicity	
100	67	3257672	NullKuhl	
100	67	4600079	quasi_ubique	
100	67	4460030	pinetail	
100	68	1247721	Keivan	
100	68	1529396	ulukai	
100	68	1621911	Chubbs	
100	68	1275981	ADescartes	
100	68	522088	mouton5000	
100	68	1532449	hauleth	
100	68	2510517	Turtlefight	
100	68	3369525	LunEyx	
100	68	656081	2skill3d4u	
100	68	2913778	suftware	
100	69	973580	Hyftar	
100	69	1576972	aislasq	
100	69	1238185	TitouanT	
100	69	1163546	Pyou	
100	69	1971865	Nanosplitter	
100	69	810391	loiceisti	
100	69	2165944	Noob_Pythoner	
100	69	3793388	__nuclear__	
100	69	3947806	Kr4unos	
100	69	848394	schwarzahl	
100	69	2243940	Revenge911	
100	69	1760767	Scriptodude	
100	69	2595251	Veterini	
100	69	3614465	Xeicker	
100	69	4848961	Sasso_Stark	
100	70	204179	resistcorp	
100	70	2514555	RoyReznik	
100	70	4067214	hatplusplus	
100	70	2040449	SalimAmiar	
100	71	1647257	Chiraffollo	
100	71	199646	netoctone	
100	71	1307178	tobikris	
100	71	155242	lmathieu	
100	71	3537575	nOoBioH	
100	71	322737	Nangini	
100	71	4387047	Arttu	
100	71	3374291	Mystogan98	
100	72	1608197	Luun	
100	72	225811	Inferno285	
100	72	3544921	mijailr	
100	72	3092621	warseph	
100	72	3813103	MathieuJoly	
100	72	3561215	yh_0x7	
100	73	552776	player_one	
100	73	1499798	glib	
100	73	1487168	FatIvan	
100	73	2155687	NilsTheWizzard	
100	73	2594360	Nataris	
100	73	953096	Pandraghon	
100	73	2078184	jz4o	
100	73	4062203	soraie	
100	73	3369801	kotDev	
100	73	4596822	Zwii	
100	73	3552123	Bertotoro	
100	74	1188063	kelevra	
100	74	1780312	rafal42	
100	74	1887115	botbot	
100	74	1060181	Dabou	
100	74	1504684	entrpy	
100	74	162982	Dami-e	
100	74	2899584	AryeEidelman	
100	74	3536805	rinzu	
100	74	1682651	grimnar	
100	74	4081488	meerumschlungen	
100	75	199243	[CG]Nonofr	
100	75	1166399	springfield	
100	75	1174780	Convly	
100	75	2044657	Beaux	
100	75	1554971	wagster	
100	75	4370032	KontoB	
100	76	1487972	Flo_Lbr	
100	76	155176	LEO_000_001	
100	76	1417378	Bogotolec	
100	76	3324989	Marmare314	
100	76	1959179	savitar	
100	76	403850	Drakhaine	
100	76	154194	E-B-A	
100	76	2321957	Xenoid	
100	76	4763549	BlaiseEbuth_	
100	76	5044337	4hg	
100	77	1986463	irshad	
100	77	1396023	RashFever	
100	77	1495694	MisterJensen	
100	78	1296449	loveCoding	
100	78	1485482	ArshSekhon	
100	78	1533481	MattM	
100	78	826491	oliva_c	
100	78	1158405	KolbasniyVeter	
100	78	1889163	dfhincapiem	
100	78	2167235	Willian	
100	78	971177	davidlepilote	
100	78	2648361	Andrey.....	
100	78	873310	MerlindlH	
100	78	3872416	CodinGamerAK	
100	78	1016562	wRadion	
100	78	1256312	Djoums	
100	78	3181720	Nucleus_12_	
100	79	1290871	InconclusiveImpurity	
100	79	347029	Kevapo	
100	79	1997092	mouxounet	
100	79	1791716	S.lexis	
100	79	3926210	BigHeadStm	
100	79	3045022	ZomBMage	
100	79	4871512	Heeri	
100	79	1359821	Loowood	
100	80	952383	abarrett	
100	80	4595600	yamen_malik	
100	81	2572485	DGynn	
100	81	2572247	Zavulonely	
100	81	2647140	nisizawa	
100	81	2720216	ilgiocatore	
100	81	3008857	timoru	
100	81	1038882	ICTylor	
100	81	3989875	TomasV	
100	81	4685891	Laki_42	
100	81	1290569	a76a44	
100	81	4875640	Nekronos	
100	81	3873888	vivacit	
100	82	1377125	GreenPinguin	
100	82	1284747	mr-push	
100	82	1140027	theBee	
100	82	1508255	shadowX[Dorin-E]	
100	82	1544238	sojuz151	
100	82	1756420	intothenether	
100	82	296915	kenaniah	
100	82	1412116	Stimorol	
100	82	2559690	AlgoPoet	
100	82	3534071	theophilem	
100	84	1232851	docl	
100	84	1655250	Bibo	
100	84	1764075	Salga	
100	84	2688693	Catagami	
100	84	2527522	proGuix	
100	84	3305510	TBali	
100	85	403748	[CG]SaiksyApo	
100	85	996271	labete	
100	85	593873	SmSSysteM	
100	85	1485462	LamSonFei	
100	85	761506	zzzNico	
100	85	649275	biggoron	
100	85	3532429	Skyf0l	
100	85	2100538	Fedia	
100	86	911226	Ekaitz	
100	87	1243876	Hi-Low_World	
100	87	1607283	uoo38	
100	87	2889754	CarotteEtCordonBleu	
100	87	4682280	rstrobl	
100	87	4534733	Damko757	
100	88	1898584	Natorade	
100	89	1183476	lololajoie	
100	89	1299110	koger	
100	89	2273716	danielgracia	
100	89	1259407	tdautrem	
100	89	4860638	CSGSierz	
100	89	994468	darkdieg	
100	89	5072331	TiPoix	
100	90	1983331	Franckito	
100	90	2729093	flipped_a_bit	
100	91	1175533	Hari87	
100	91	1696052	MonkeyBStar	
100	91	2421521	Sobakin	
100	91	861601	rafi	
100	91	4253866	solebull	
100	91	1568093	b0ot	
100	92	1238934	accorp	
100	92	1686449	ramzes_pl	
100	92	2061050	Pragmasea	
100	92	4053056	hbouillo	
100	92	4538521	Ya27cine	
100	93	788361	Bob	
100	93	2050195	eklore	
100	94	1792532	Zanbez	
100	94	1675720	AxFab	
100	94	1781128	tomsoft1	
100	94	3552977	Altheae	
100	95	1086579	biinari	
100	95	1136782	gary003	
100	95	3704439	mandersn	
100	95	3938011	[4G]	
100	96	4136747	alopikon	
100	96	2665390	NicolasD	
100	96	3403813	davispuh	
100	97	1242503	Yimo	
100	97	860404	Vitruvius	
100	97	4297611	Thonybat	
100	98	681006	kompo	
100	98	543127	splitDiff	
100	98	4493123	5922	
100	98	3563934	ChuckTheNinja	
100	98	4275410	rk2021	
100	99	1218749	dauom	
100	99	2070853	starms80	
100	99	3440075	pipalyptus	
100	99	2320995	Photon_	
100	100	1502728	linc	
100	100	1524056	telebin	
100	100	1236024	xspeedasx	
100	101	1863849	Peglo	
100	101	2626539	Weissi	
100	101	3995933	SirThunder	
100	102	2347608	undr_root	
100	102	3797792	185.165.168.41	
100	102	4259591	yedi	
100	103	1675278	SwannL	
100	104	1759335	metahom	
100	104	3512206	LFR	
100	104	817627	geot	
100	104	4390014	yfe42	
100	104	3774438	Xeramian	
100	105	1394396	kailanjian	
100	105	1233309	gabejbrenner	
100	105	4002254	PlanetSuburbia	
100	105	4615311	dchenn	
100	105	4243469	NDPeshev19	
100	106	1539016	Lonski	
100	106	2069141	tomeko	
100	107	1773607	elana	
100	108	1699384	Suikoden	
100	108	1347320	Stormtrooper_7163	
100	109	2003902	mploux	
100	109	1789129	Freezee	
100	109	3227561	Exortix	
100	109	3917341	Putnam3145	
100	110	2397478	charlesfranciscodev	
100	111	930869	Meidor	
100	111	2453091	Vanna	
100	111	2137236	VanTech	
100	111	2015072	cervemar	
100	112	922457	Kristallseele	
100	112	3604953	Bomadeno	
100	112	3373604	racamsi	
100	112	3901571	Koromo	
100	112	2892501	JakubMaras	
100	114	1256515	vsaijan4	
100	114	4016794	loljka	
100	115	4416395	antondie	
100	118	1267630	Nirina	
100	118	1512667	DrevanTonder	
100	118	3595789	TheUki	
100	119	1025317	Hogo	
100	120	1756435	Golzeb	
100	120	4612315	Gerritvw	
100	121	1085744	Frontier	
100	122	1001266	Chamel	
100	122	826914	Kyrus	
100	122	3225698	Ferrisfox	
100	123	3904507	mogzhey	
100	123	3946840	DirkieDurky	
100	124	3319832	kocao	
100	124	1855354	KiwiTae	
100	125	819776	Maregas	
100	126	1830993	jpcheck	
100	126	4471089	Denams	
100	126	4334151	LittleDarkBug	
100	127	1388076	Siruker	
100	127	4318840	Tibo0	
100	128	581152	TemPra	
100	129	4605393	Emanuele.Fasano	
100	129	4602447	chenhaorantianjiayi	
100	131	3766524	SinSentido	
100	132	416762	Khao	
100	132	956713	Jo_de_malval	
100	133	891648	boechiel	
100	133	3821478	Dikzak4life	
100	134	153721	Xolen	
100	134	4780182	Moku89	
100	135	1564179	SES	
100	135	1693992	predek	
100	135	4003601	Mathieu1988	
100	136	1458157	chocolatecharlie	
100	136	4785778	Pharallaxe	
100	137	2107807	johnstanfield	
100	137	3511557	piralimic	
100	137	4570196	WooDyDooKs	
100	140	2233960	WatashiWaChevretteDesu	
100	140	2603397	Bove	
100	140	1425201	JamesPun	
100	141	3144403	hugoLaugier	
100	143	1657074	cicatrix	
100	144	875840	ThomasEcalle	
100	145	4273943	MVV90	
100	145	1579042	Hulous	
100	146	1950376	firefliesalco	
100	146	2478658	PL_Bartek	
100	148	1648938	Kharyus	
100	148	1638502	Mufasa.	
100	151	1124822	justinDr	
100	151	4138278	Hibiki	
100	153	1505019	NoCarb	
100	155	3932809		
100	155	3975334	elentiya	
100	156	4334077	Paul_Demanze	
100	158	1452115	Vaize	
100	158	3564510	blackslex	
100	158	4530308	Cr4shOverride	
100	160	2420013	Zoli007	
100	161	2354299	checkam	
100	161	2579794	eDonkey	
100	165	1528274	BlanCap	
100	166	3076849	Nightmarius	
100	168	1431687	Gollinator	
100	168	2897325	CAEZAR	
100	172	4515011	minhminhbi	
100	173	1268618	Barnou	
100	174	4275970	valcrog	
100	175	3445799	Pr_Snake	
100	177	4460140	MissScrew	
100	178	3233072	Nilo	
100	180	3123327	Cordy	
100	181	1174714	Shoko84	
100	182	1449433	Rolf	
100	189	4716095	MichMich31	
