League	Score	UserID	AgentID	Lang	Pseudo	#multi,count=4624,time=2020-05-07 01:24:06
0	46.75	1433161	1484525	C	Mingu	
0	45.63	990110	357643	C++	Rogerup	
0	45.62	494104	455215	C++	Recar	
0	44.89	629202	357838	Java	Larry	
0	44.71	638784	351362	C	Yqnn	
0	44.62	252533	2570353	Javascript	AlexSurin	
0	44.09	1629259	2238404	C++	Marchete	
0	44.06	739151	341011	C++	Romka	
0	44.01	1029152	341600	C++	log0div0	
0	43.31	351062	1847653	Java	Neumann	
0	43.12	1606588	1778675	C++	inoryy	
0	43.12	154984	1846724	C++	_Royale	
0	42.92	272290	350495	C++	Olaf69	
0	42.91	224676	354980	Java	Jin66	
0	42.89	836415	363206	Java	tallo	
0	42.79	1896128	2227254	C++	Vhanire	
0	42.65	1470031	508185	C++	gandalf	
0	42.65	1733593	1962036	C++	Wei-1	
0	42.62	3590712	2619556	C++		
0	42.62	1841051	2138633	C++	Alpacah	
0	42.57	1034635	1745366	C++	SlyB	
0	42.47	2043908	2092942	C++	AntiSquid	
0	42.45	1169499	904460	C++	naab	
0	42.43	3326844	2614601	C++		
0	42.42	805067	499249	C++	Magus	
0	42.36	1399382	2672407	C++	Regulus136	
0	42.35	1175343	365555	Java	Hankerspace	
0	42.34	1229284	668346	C++	Prajyoth	
0	42.3	2006324	1784994	C++	SihardeOussama	
0	42.27	1314316	2081250	C++	jolindien	
0	42.26	819300	902293	C++	Chipsondulee	
0	42.25	735487	2332712	C++	amurushkin	
0	42.15	999568	410752	C++	Sigfrodr	
0	42.11	1327028	416068	C++	FredericBautista	
0	42.04	3211735	2307448	C++	Fireballl	
0	41.9	818534	347972	C++	Ixanezis	
0	41.82	1100752	923525	C++	ValNykol	
0	41.8	917370	2683148	C++	Gwi	
0	41.79	843126	370546	C++	ItsBuddha	
0	41.74	1407621	455279	C++	Taohbi	
0	41.7	1369177	622526	C++	PernicN	
0	41.68	2428416	1943671	C++	Theino	
0	41.67	1390607	1126210	C++	GoperJohn	
0	41.62	2254195	1751643	C++	BrunoFelthes	
0	41.62	3622757	2705606	C++	anid	
0	41.61	1170641	1648802	C++	ioncodes	
0	41.56	155955	351576	PHP	nht_dev	
0	41.48	1588918	934857	C++	Svenskaren	
0	41.45	995463	1266072	C++	Carmen	
0	41.42	2288263	1624935	Java	dbdr	
0	41.39	1500515	1659836	C#	eulerscheZahl	
0	41.38	1195934	1611063	C++	odinmillion	
0	41.29	1079387	351717	Python	SimonBou	
0	41.26	1061242	366483	C++	Csipcsirip	
0	41.25	569223	345550	Javascript	Glutamatt	
0	41.25	2897325	2579930	C++	CAEZAR	
0	41.24	162982	1121100	C++	Dami-e	
0	41.21	786597	358310	Python3	Fabien	
0	41.2	1425201	463149	C#	JamesPun	
0	41.2	1000778	352558	Python	Aishuu	
0	41.18	620448	357152	C++	AB	
0	41.18	3167968	2431492	C++	Master_Zain	
0	41.14	1071140	465610	C++	BeberLeNewbie	
0	41.13	1037655	342197	C#	Filimindji	
0	41.11	854169	1575126	C++	Silmaen	
0	41.07	1022699	808868	C++	Baptistin	
0	41.07	2233179	1762001	C++	Samsa	
0	41.04	1640371	793656	C++	Rx-K1NG	
0	41.02	507383	341342	C#	Vadasz	
0	40.9	1201796	885252	C++	P.Greze	
0	40.9	555424	365698	C++	cymarechal	
0	40.9	1061061	356380	C#	Bandersnatch	
0	40.87	650548	759790	C++	MonkeySan	
0	40.78	1206363	369708	C++	DimitarMinchev	
0	40.69	1022926	349392	Python3	_BC_	
0	40.68	956606	339732	Java	NighTurs	
0	40.56	860290	358018	Python	istopopoki	
0	40.54	1641356	809716	C++	sigitkw	
0	40.5	622773	343848	C++	eldidou	
0	40.49	227781	341381	Ruby	marvin	
0	40.3	1062082	344773	C++	MaxKamensky	
0	40.24	1766582	913056	C++	smugiss	
0	40.15	1017169	346143	C#	bLasT	
0	40.14	403748	665677	C++	[CG]SaiksyApo	
0	39.72	154967	352568	Python3	trnsnt	
0	39.68	2719604	2836459	Python3	vpoulailleau	
0	39.65	320053	351116	PHP	Zbug	
0	39.47	1289001	390758	C++		
0	39.45	1052271	362037	C#	Bleash	
0	39.45	947892	414997	C++	ZachAttackary	
0	39.43	2350846	2338958	C++	DrBloodmoney	
0	39.43	1001096	348402	C#	MyIIone	
0	39.42	335954	2238670	Java	nmahoude	
0	39.42	1402717	508957	Javascript	jakub	
0	39.36	1036003	343054	Python	Ryo	
0	39.34	1062653	356269	C++	planB	
0	39.28	1664044	2116210	C++	BUG	
0	39.27	217547	358235	Haskell	stderr	
0	39.26	788361	344057	C++	Bob	
0	39.24	1034338	342969	Python	Galilleos	
0	39.19	834728	352887	Java	ki-ki33	
0	39.18	873809	1874597	C++	Lucky92	
0	39.18	841085	339404	C#	Risen	
0	39.01	842532	345362	Ruby	spy	
0	38.99	2378983	2079400	C++	jonip	
0	38.97	806823	356569	C	Zer0	
0	38.95	937225	347403	Java	Daedin	
0	38.95	799904	356151	C++	iwashi31	
0	38.93	2489026	2414321	OCaml	N7_TO	
0	38.93	1114698	2079371	C++	xiaohouzi	
0	38.93	1467504	498709	C++	rev.cho	
0	38.92	1404934	2584976	C++	tarriel	
0	38.92	869323	341535	C#	Ferra	
0	38.9	2981223	2146946	C++	TH0RAN	
0	38.88	1073397	890427	C++	Calsmurf2904	
0	38.84	567736	357038	C++	dam94	
0	38.82	409952	343905	C++	Noblesse	
0	38.81	1043582	342625	C	Nikos	
0	38.81	1857772	1574293	C++	darkange69	
0	38.81	1316938	2611987	Ruby	YoannR	
0	38.8	844547	340421	Java	Superthib	
0	38.79	735910	1218380	C++	Agade	
0	38.78	2114863	1754493	C++	QWERTy	
0	38.77	2662838	1917411	OCaml	bowser	
0	38.77	701722	355905	C#	Pouleto	
0	38.73	995238	346682	Lua	Pyvain	
0	38.67	840697	411514	Java	st00p1d	
0	38.66	2242201	2425495	C++	Maryan	
0	38.6	970195	351972	C++	Elbanono	
0	38.57	1368852	413588	C#	raysplaceinspace	
0	38.55	1436776	2148374	C++	BrainSolver	
0	38.43	311423	339458	Javascript	kirzyka	
0	38.4	3583985	2690170	Java	Nefael	
0	38.3	877850	348071	Java	Edin	
0	38.27	518726	353087	Haskell	nybble41	
0	38.25	848394	352597	Java	schwarzahl	
0	38.22	865677	367033	C++	sasupp	
0	38.17	1354295	429260	C++	V3T3RAN-GAM3R	
0	38.14	226528	362440	Java	Manwe	
0	38.14	574656	357657	Python	dmpage	
0	38.14	1068877	370315	C++	[CPC]Tamno	
0	38.11	610994	350148	Python3	Stan...	
0	38.1	1477266	533872	C++	pcruiher08	
0	38.1	1767134	1325988	Java	AntonYuriev	
0	38.1	1170254	364830	C++	Vytma	
0	38.09	1457162	2083083	C++	JFB	
0	38.07	225892	345329	F#	ikarni	
0	38.07	2639926	2356200	OCaml	PROF-LIV	
0	38.06	1986145	1231495	C++	ValNyz	
0	38.05	920987	357655	Python3	redna70	
0	38.05	811164	353766	C#	tonynogo	
0	38.05	157377	365493	Javascript	McKelian	
0	38.04	682376	356493	Java	fraagol	
0	38.03	984109	353465	OCaml	LeCaRiBoU	
0	38.02	933134	350672	F#	polkduran	
0	38.02	371603	352311	C++	martin	
0	38	947693	352491	Java	Sunglow	
0	37.98	2316796	2504063	C++	Psio	
0	37.96	1113826	2092499	VB.NET	KingJack	
0	37.96	554263	348765	C++	assy	
0	37.96	193315	362858	Dart	hau	
0	37.95	2906497	2468509	C++	daaskare	
0	37.94	1353795	1935420	C++	TheCrucial	
0	37.94	884367	343493	Python	frozar	
0	37.93	912651	339142	Python	0006-lVH	
0	37.91	1065176	344311	Python3	LouisDurand	
0	37.9	170619	355334	ObjectiveC	laevand	
0	37.89	712421	347830	Java	Kiwi	
0	37.86	1010004	354546	C#	[O]nclejoe	
0	37.82	781040	353371	C	startega	
0	37.82	459494	346425	ObjectiveC	Qwark	
0	37.82	598416	356135	Java	alexandr9519	
0	37.81	1335230	2105553	C++	jft63	
0	37.81	969333	348490	Python3	JasperV	
0	37.78	1033147	358142	Javascript	Starbuck	
0	37.74	1164957	364547	C++	Dolphish	
0	37.73	1077559	1330493	C++	PhOeNyX	
0	37.72	380641	357191	C#	Mercadis	
0	37.72	2731276	2063011	C++	panda42	
0	37.69	2073179	1420299	C++	Biwere	
0	37.66	1221729	374482	C++	RevBooyah	
0	37.66	1399852	456793	C++	Thaell	
0	37.66	715319	339017	C#	poksh	
0	37.65	370471	354612	C#	Elfuego	
0	37.65	1644437	794918	C++	SurfDog	
0	37.65	1673971	1113063	C++	Lanken	
0	37.64	1062962	418259	C	ArmandO.S.	
0	37.63	1114834	2408070	C++	k4ng0u	
0	37.63	935802	357751	Java	Jerhyn	
0	37.63	950512	943649	C++	salim.aboubacar	
0	37.62	241181	347322	PHP	BratOK	
0	37.59	1021256	363051	C#	Toinou	
0	37.59	1348523	963697	C++	Numb_	
0	37.57	828184	349175	C	Bothari	
0	37.55	972854	494282	Python	MrXo	
0	37.52	1489865	1099783	C++	EricSMSO	
0	37.51	1069340	354924	C++	Diler	
0	37.49	610934	348830	C#	y_kawano	
0	37.49	596947	341127	C++	LBandy	
0	37.47	576907	351649	Haskell	Coelso	
0	37.45	329200	342522	PHP	BlitzProg	
0	37.43	1060181	359636	Javascript	Dabou	
0	37.42	617317	355806	C	Med-Amine	
0	37.38	1071196	354873	Python	void_name	
0	37.35	196606	597670	Java	EasyCoder	
0	37.34	828239	350633	C#	[SG]Bisou	
0	37.33	207714	339810	Scala	TrueLaurel	
0	37.33	430768	345848	Python	ash	
0	37.32	331880	1646602	Scala	Monstruo	
0	37.3	856695	350539	Java	colegu	
0	37.3	545951	341940	C++	AntonT	
0	37.28	1378958	1442852	C#	Illedan	
0	37.28	935565	354751	Java	Vil_Rouquin	
0	37.27	1189812	367775	C#	kagary06	
0	37.26	1046361	348222	C#	Dragonic	
0	37.24	3457031	2846794	C++	YurkovAS	
0	37.23	668906	342000	Java	Sandworm	
0	37.22	770792	1440289	C++	T.H.	
0	37.2	846192	345809	Python	phdmnt	
0	37.2	886483	488764	ObjectiveC	R4N4R4M4	
0	37.2	2924895	2674548	Java	trictrac	
0	37.19	512207	340438	Scala	Aun	
0	37.16	2531021	2829456	OCaml	MPSI-LIV-LeT	
0	37.16	1027836	352469	Go	Wrymm	
0	37.15	1805428	1911341	OCaml	lpmib	
0	37.14	1300254	885191	C++	Escdemon	
0	37.14	1069741	362922	Java	Kakuro	
0	37.14	914086	347129	Ruby	matthewd	
0	37.14	1244518	370149	Python3	Tom	
0	37.13	1065947	579722	C#	RPA	
0	37.11	2639043	2136260	OCaml	MPSI-LIV_Keolys	
0	37.05	392182	689207	Java	Orgcore	
0	37.05	884855	341800	Java	ChristopherZ	
0	37.03	156876	362617	C++	ShinjiKun	
0	37.02	1058061	1676432	C#	Icosaed	
0	37.02	159880	356816	Haskell	Aries	
0	37.01	1000967	355437	C++	KhanhHB	
0	37.01	1188212	382180	C	superredlark	
0	37	828213	352350	Go	anst	
0	36.99	1018437	1425565	C++	dubicube	
0	36.98	156188	355931	PHP	DorianWilde	
0	36.97	1095288	364431	Python	Vilo	
0	36.96	1136521	1332734	C	nadrek	
0	36.9	1079819	357141	Bash	renolc	
0	36.89	416762	356436	Javascript	Khao	
0	36.89	351327	356872	C#	sGeeK	
0	36.88	1060805	351530	Ruby	pierrickrouxel	
0	36.85	1400179	1311380	C++	reCurse	
0	36.81	943784	364162	C++	RobertK	
0	36.74	335818	356610	Java	TyraEl	
0	36.71	341401	351400	OCaml	morf	
0	36.71	308188	340226	PHP	Azimov	
0	36.65	155896	411062	PHP	gamoul	
0	36.65	806157	352683	Python3	Aveuh	
0	36.65	1449919	2436522	Javascript	ChrisWendling	
0	36.65	1870937	2359771	C++		
0	36.64	153045	344273	Python	nib	
0	36.62	825460	349230	Lua	antoyo	
0	36.6	195088	339496	C++	Jopie64	
0	36.6	917042	353701	C	Flikalb	
0	36.56	937214	340854	C#	KissCool	
0	36.55	805637	339048	Java	Twoey	
0	36.54	417490	352131	Java	Alevohin	
0	36.54	937362	358085	Javascript	josh_	
0	36.51	200708	358204	C	kobr4	
0	36.46	1070856	345143	Java	D-MoNs	
0	36.44	1025212	371677	Java	Asterixk	
0	36.41	1065810	348671	Python3	ArtemN	
0	36.39	1016343	343606	C++	Nikogram	
0	36.39	1051872	357864	Python	Ugrash	
0	36.38	305790	357531	Java	Bertrand88	
0	36.37	366305	361242	C++	Mgayar	
0	36.37	915957	346491	C	Tux	
0	36.36	2675322	2016971	OCaml	mpsi-liv-test	
0	36.33	409126	349726	Python3	EpicSound	
0	36.27	913697	575048	Java	Tsa6	
0	36.27	771015	356967	C	hidden1	
0	36.26	718159	347756	Java	dimkadimon	
0	36.21	553938	338991	C++	MagAlex	
0	36.15	1060548	358090	Python	Marc-	
0	36.09	972629	357739	Python3	graphman	
0	36.08	1314796	1850512	C++	JBence	
0	36.05	1181853	2120265	Python3	joha	
0	36	994344	364033	Java	Momopouccino	
0	35.99	792261	341147	C++	IKKYU	
0	35.95	1160200	368848	C++	hsuzuki	
0	35.89	512097	344098	Haskell	Stilgart	
0	35.8	837350	2195014	Go	BorisZ	
0	35.78	783215	348453	C++	AndreiS	
0	35.78	957335	355403	C++	chloesdaddy	
0	35.77	435097	348440	Java	IMost	
0	35.76	264258	350229	Python3	MrFlibble	
0	35.75	840102	340103	C#	KooKiz	
0	35.7	1342993	650267	Python3	Mercutio	
0	35.69	1068026	348741	C	Zarx	
0	35.69	155091	373756	Java	smeagol	
0	35.65	2786666	2150454	C++	TetraktysPhi	
0	35.62	155934	356674	PHP	Ninsuo	
0	35.62	1047881	356780	Scala	GreenTea	
0	35.58	815677	353101	Haskell	icetonic	
0	35.57	845360	357693	Python	user736	
0	35.54	1093968	968670	Java	milosMATRIXrepic	
0	35.51	504994	340320	Java	NikitON	
0	35.51	827957	352275	Python	harvestsnow	
0	35.51	225875	2139918	C#	leff	
0	35.51	715431	349514	Javascript	G3r0	
0	35.5	871430	348691	Java	Arkandias	
0	35.49	980503	354791	C++	d0_0b	
0	35.49	2550089	1916881	OCaml	MPSI-LIV_CIV[idin]	
0	35.49	930444	340394	C#	Holy_troll	
0	35.48	995896	343339	C#	Ro9	
0	35.48	847745	358028	PHP	Orminot	
0	35.48	413624	345729	PHP	Mathieu	
0	35.47	1034042	357837	Java	dungeon_master	
0	35.46	599629	354154	VB.NET	robwaw	
0	35.45	372352	351937	Java	Maradona	
0	35.45	978335	343149	ObjectiveC	antonc27	
0	35.44	2492184	1917794	OCaml	Psychotest	
0	35.44	628001	353745	PHP	Herobrine	
0	35.43	1065015	352414	Python	PastaAlPesto	
0	35.43	860239	347694	Java	Neilura	
0	35.41	393267	354450	C#	M-Graf	
0	35.39	1346403	413885	Python3	BadMistake	
0	35.38	976686	600977	C++	a_aly_saeed	
0	35.38	975039	339959	Java	meooow	
0	35.35	542999	341210	C++	arturgo	
0	35.35	1378399	610995	Python3	DN38416	
0	35.35	1740037	2679414	Scala	ereiam	
0	35.35	1065347	344683	C++	FinalFantasyx	
0	35.33	1075002	345279	Python	Foie_Gras	
0	35.32	1048380	364926	Java	SkyCore	
0	35.29	884069	357502	Python3	punxxy	
0	35.26	1044705	342220	Python	Roysh9	
0	35.26	704875	353003	C#	XaY	
0	35.22	389632	351320	Python	ma	
0	35.21	1194069	1851180	Java	Redstrike	
0	35.2	275620	1503638	C++	M.C.L.	
0	35.2	1131528	415482	C	Owl	
0	35.18	862336	761667	C	Zaphus	
0	35.18	1039808	357949	Python3	DavidL	
0	35.17	1353669	520665	Python3	XAnimaX	
0	35.15	1243876	799744	PHP	Hi-Low_World	
0	35.1	802171	351062	PHP	Merome	
0	35.08	697152	350691	Java	Bander88	
0	35.07	467773	356653	Python	oxzytoon	
0	35.04	1782814	2809801	C#	Trilusion	
0	35.04	646829	363403	Java	Kiwewe	
0	35.01	2007852	1469765	Go	Zorg1	
0	35.01	198212	349947	Python	progsdi	
0	35	1038437	354577	Python3	dbur	
0	34.95	1058165	349254	Javascript	Kehinde	
0	34.95	960759	341728	C++	fea	
0	34.94	1759839	2307567	Python3	matleg	
0	34.92	464971	357920	C++	PsyGuy66	
0	34.89	153057	744215	PHP	PierralF	
0	34.87	846937	345706	F#	HintOfBrain	
0	34.84	1014658	354306	Ruby	ZZzzZZ	
0	34.84	231552	345932	Python3	Stv	
0	34.82	848989	361374	Java	revever	
0	34.8	273004	355833	C++	ptitrex	
0	34.79	153683	2487762	Dart	40R15T3	
0	34.75	830819	346001	Java	johnnyhibiki	
0	34.71	1066742	345568	Python	askywhale	
0	34.66	882162	594021	C#	Catarinao	
0	34.65	1485989	911586	Python3	ReActiveNZ	
0	34.61	2653583	1913970	OCaml	glhf	
0	34.59	425477	351416	Java	selslack	
0	34.56	155774	1609570	C++	dwarfie	
0	34.54	923505	348896	Python	ouille	
0	34.51	1341520	1667468	Java	egaetan	
0	34.5	1039456	343728	C++	nikokolas	
0	34.5	733749	341857	Python3	Hidjy	
0	34.5	198916	1094348	Java	WhatTrickeryIsThis	
0	34.49	1183644	369972	C++	Donotalo	
0	34.49	1267417	374725	Python3	co42	
0	34.48	1315256	382338	Java	FlashMan	
0	34.48	1397823	491297	Java	KimHakGyu	
0	34.47	988601	357485	C++	Den818	
0	34.47	1053433	355354	Java	3WTochka	
0	34.45	1625108	797319	Python	graphite	
0	34.44	527739	347262	Python3	i_v_a	
0	34.44	404777	345500	C++	Joodoc	
0	34.43	153557	339776	C++	ISMAX	
0	34.43	894599	339636	Java	DidierC	
0	34.42	153965	806714	Python3	Keelhaul	
0	34.41	948827	354998	Python	kieranvs	
0	34.39	963244	354384	C#	NickName	
0	34.39	2683458	1917286	OCaml	MPSI_Fusee	
0	34.38	231556	347492	Python3	BlackDragoon86	
0	34.38	964187	356160	C#	Ali-AlMosawi	
0	34.38	1064712	2133941	C++	Daskiller	
0	34.37	2488395	1917074	OCaml	MPSI-LIVff	
0	34.36	420835	356520	Python	Ishkulov	
0	34.34	1054451	357043	Java		
0	34.33	342168	355452	C	Riako	
0	34.33	857282	348965	C#	Scyrax	
0	34.28	154372	351178	C++	Plopx	
0	34.27	992891	342891	Go		
0	34.27	1258533	925635	Python3	MathJason	
0	34.24	1060411	357639	Python	jl	
0	34.24	1131084	364522	C#	pmod	
0	34.2	811857	350465	Java	Illumine	
0	34.19	1006307	344707	Java	adeldjellal	
0	34.19	1109979	2704864	C++	Gloopy	
0	34.17	1211916	1590022	Python3	Hobbit	
0	34.17	490872	355113	Python3	erjius	
0	34.15	937933	348626	Scala	Richmond	
0	34.13	980671	350251	Python	bwbaugh	
0	34.13	1036012	343571	Haskell	Chahine	
0	34.09	632549	357644	Java	Keiras	
0	34.06	776882	505889	C#	Ersimi	
0	34.06	892056	2115851	Java	LaurentTrk	
0	34.05	567787	344319	VB.NET	SAL9000	
0	34.02	1068085	348642	C++	moman	
0	34.01	1039934	350352	C++	failton	
0	34.01	1007939	340639	Python	Poruk	
0	34	957701	348873	Python	Kremlin	
0	33.99	1010476	459895	C	Migrou	
0	33.98	1029663	349818	C	Skreamly	
0	33.96	1076740	351491	Python	Nazo	
0	33.96	1000361	354894	C++	Ardenrian	
0	33.95	370259	343960	VB.NET	Queloune	
0	33.93	1361939	415052	C	Tof0986	
0	33.93	3264942	2341211	C#	maskit	
0	33.92	593099	406417	Python3	Maldo	
0	33.92	2506858	1916170	OCaml	PAS_MPSI-LIV_Bascraft	
0	33.91	690668	346762	Haskell	Djiiz	
0	33.9	1049414	356906	Python	TheSpeller	
0	33.89	2329747	2692576	C#	FrenchKiss	
0	33.88	2662359	1881411	Java	Javamat	
0	33.88	847675	357796	Haskell	RobinHood	
0	33.88	1288865	411370	C	codyboto	
0	33.88	977819	352850	C++	Groxx	
0	33.86	982132	344358	C++	cocouf	
0	33.86	904045	355157	Java	ZenDoor	
0	33.85	1145498	364197	Java	Mouseas	
0	33.85	408825	354174	Java	DenVo	
0	33.85	196808	361772	Groovy	bonam	
0	33.84	568261	352287	Java	Tristan	
0	33.84	916705	344624	Python	csurfer	
0	33.84	582173	355661	PHP	frost	
0	33.83	511125	350973	C#	Arrekin	
0	33.83	1464932	1940669	Java	Tiramon	
0	33.83	1013649	361769	C	Nodren	
0	33.82	1584802	883891	Python3	emh	
0	33.82	1376014	2083089	PHP	GeorgePant	
0	33.81	980299	418115	Javascript	Namide	
0	33.81	212028	342255	Java	GHenry	
0	33.81	1054276	344538	C#	Alexein	
0	33.8	200367	351271	Javascript	ecc	
0	33.8	1020325	342056	C	Gon	
0	33.8	969316	345795	Python	masterglob	
0	33.79	2492191	1923845	OCaml	MPSI-LIV-TheoBekh	
0	33.79	979569	352955	Javascript	khanh_alice	
0	33.79	153062	343425	Java	Guian	
0	33.79	1186871	366966	Ruby	bnd	
0	33.79	518889	355262	C++	athin	
0	33.79	706692	353536	Java	alexhap	
0	33.79	523170	339305	C	Pierromagien	
0	33.78	617638	339705	Python3	jcampion	
0	33.78	536072	343971	Java	IKarl	
0	33.78	1059122	354676	C++	g2lm	
0	33.78	873626	339081	Python	yomax	
0	33.78	1020589	355038	Java	Jevri	
0	33.77	354788	349243	C++	Lexer31	
0	33.77	155924	355326	C++	yvesmocq	
0	33.77	1070718	354099	Java	Sigmunds	
0	33.77	1390682	1503912	Javascript	arachno7	
0	33.76	1005110	342305	Java	daremer	
0	33.76	1634607	897724	Python3	Taraxicum	
0	33.76	1039983	351237	Pascal	j0k3r	
0	33.76	153941	351207	C++	webNeat	
0	33.76	995658	354941	C++	Faithy	
0	33.76	857521	645922	C#	MrAnderson	
0	33.76	922810	354216	C#	FCT	
0	33.75	1058272	346773	PHP	Nazalas	
0	33.75	1202382	370229	Java	FredFz	
0	33.75	1343111	411567	Javascript	Thal	
0	33.75	1065666	1479280	Python3	chuck	
0	33.74	889899	339484	C++	ArendPeter	
0	33.74	938374	340548	C#	UnmanagedCode	
0	33.73	928567	2110026	C++	Konstanta	
0	33.73	1333645	415398	C	Dridri	
0	33.73	1076713	350195	VB.NET	CivicFan	
0	33.73	941843	356067	Java	S4M37	
0	33.73	765200	350611	C#	FrancoisB	
0	33.72	301922	339933	Scala	tyrcho	
0	33.71	1431373	492861	C++	Kornel07bd	
0	33.71	1018895	580676	Javascript	Filou	
0	33.7	984260	349554	Go	KapitanOwies	
0	33.7	837436	350699	Go	aropan	
0	33.7	1407420	2220890	Groovy	kiril76	
0	33.69	1070781	344999	Python	Peterke	
0	33.69	566909	346113	Python	the_travelling-salesman	
0	33.68	989912	412554	C++	Arctik3-14	
0	33.68	927873	350372	C	Charlot67	
0	33.68	153443	348544	Python	simopr	
0	33.68	760921	349645	VB.NET	Skleroz	
0	33.67	369018	452292	C++	Bnc	
0	33.67	163957	339515	PHP	youser	
0	33.67	692782	1466297	C++	lafraise	
0	33.67	907714	354801	Java	Janot	
0	33.67	1220209	368602	Java	NathanIstace	
0	33.67	1502379	2668277	Java	B-GangsteR	
0	33.64	1294592	412774	Javascript	tetesoulo	
0	33.64	792813	356355	Python3	VilBoub	
0	33.64	1041775	346239	Pascal	Darkcodi	
0	33.64	248736	346526	C++	firsni	
0	33.64	1077126	353921	PHP	bedds	
0	33.64	1854246	2068259	C++	Counterbalance	
0	33.64	445200	885503	Go	khreenberg	
0	33.63	954363	351588	C++	pcdejager	
0	33.63	1302858	379987	C	Quinton	
0	33.63	1480886	587093	C++	V4nDr4v3n	
0	33.63	267148	351928	C#	d3dave	
0	33.63	873958	341119	C#	cheeser	
0	33.63	1269687	375475	Python3	Maggles	
0	33.62	736854	373751	C++	yento	
0	33.62	569315	340182	C	calibandalsal	
0	33.62	198268	347816	Perl	newrare	
0	33.62	2158902	1851767	Scala	Snowbart	
0	33.62	1063294	343755	Java	Chaya	
0	33.61	951724	343520	C++	Ka-L	
0	33.61	1178123	1112298	Python3	Chabs	
0	33.61	1462735	1962312	Java	mstuercke	
0	33.6	1068652	355894	C++	Stormer	
0	33.59	783337	349922	Java	Dewey	
0	33.59	1013576	344215	C#	GabrielBottari	
0	33.58	618776	356555	C	Chafiq	
0	33.57	1070189	344988	C#	Sebizuka	
0	33.56	1122412	474240	Java	TheNinja	
0	33.55	2766041	2061163	Python3	PVR	
0	33.51	1035283	346552	Python	G	
0	33.51	1072075	345860	Javascript	vieirasub07	
0	33.5	1168819	366851	C++	DAVENINE	
0	33.5	1378254	414593	Lua	zet23t	
0	33.49	1542460	861301	Java	[CPC]totoleharicotvert	
0	33.48	368588	351943	Python	Archangel	
0	33.46	1907409	1821847	Java	coffee_machine	
0	33.41	925333	349086	Java	aseweryn	
0	33.41	155920	353187	PHP	t2_cyborg	
0	33.4	516255	341232	Java	Vargas	
0	33.38	274730	356628	Python	TVS	
0	33.36	2488368	1916524	OCaml	MPSI-LIV_frayien	
0	33.36	917791	358523	C++	scorp	
0	33.35	490905	339981	Python	lechium06_	
0	33.33	153927	346560	C++	Cubix	
0	33.33	1717345	2210628	Scala	kotobotov	
0	33.29	899345	371075	Dart	Matthew-S	
0	33.29	955137	347727	Javascript	balamir53	
0	33.28	336685	346786	Scala	JulienBe	
0	33.26	1306541	459656	Python3	Steuh	
0	33.23	1047061	342478	Java	ThePiti85	
0	33.22	1252307	600305	Clojure	rand-int	
0	33.2	903485	2047784	Javascript	artur99	
0	33.19	601088	354014	C++	Garvys	
0	33.18	1019883	357745	C#	Pedromdrp	
0	33.17	1070620	357107	Javascript	Aleanar	
0	33.17	244742	351221	C#	bhdejager	
0	33.16	595698	350923	C++	Kwekken	
0	33.16	612827	352529	C++	Wellan	
0	33.16	829204	349108	Python3	seekjim20	
0	33.15	944061	348337	Clojure	Endhor	
0	33.15	1058831	521920	C	Hikachu	
0	33.15	1061542	355530	Java	Mwha	
0	33.13	893541	2487948	Java	wala	
0	33.13	1053198	385597	Python3	ProfessorWolf	
0	33.11	435076	351533	Java	Azurith	
0	33.08	596425	349674	C#	Gammel	
0	33.07	925695	2128517	OCaml	Boulet	
0	33.04	1442633	468758	Java	buldozer	
0	33.03	814274	356455	Scala	dnowak	
0	33.02	890575	341257	C++	Mr.Raoul	
0	33	513456	343079	Python	nwin	
0	32.98	1291467	1393993	Javascript	Grimpeur	
0	32.97	832111	349892	C++	esteine32	
0	32.92	2115491	2574645	Javascript	Haashi	
0	32.92	1713174	2070006	Python3	BigUP	
0	32.92	162212	352789	Java	Woody	
0	32.9	524398	343069	C	gadic	
0	32.85	267634	341806	C++	Leonarf	
0	32.83	967332	355139	Java	mbs	
0	32.83	154078	357997	Java	Yahya.Elfakir	
0	32.8	1336198	412279	Java	andreaca	
0	32.79	810438	339027	C++	Sasurai	
0	32.76	877003	350476	C++	PauloCezar	
0	32.75	1255740	2678886	C	terwal	
0	32.72	863265	356054	Java	Anaidel	
0	32.72	1032334	349138	Java	lukasz.garb	
0	32.69	1011420	343505	Javascript	Minara	
0	32.69	1078563	351968	C++	MiniMe	
0	32.68	1052068	353141	C++	kkjj	
0	32.68	406152	357568	Python	TiarinBlate	
0	32.63	865548	341617	Python	Kktus	
0	32.63	1411379	601007	C#	R3N4U6	
0	32.62	837180	342014	C++	Arkh45	
0	32.62	1583240	768152	Java	SamuelPoulin	
0	32.62	854854	355762	Python3	dmitritch	
0	32.61	1334143	412182	Java	SimoneBosh	
0	32.61	863425	353693	C#	Antlershy	
0	32.61	1350974	411575	PHP	Zyxx	
0	32.61	1057929	354240	Java	jcha93	
0	32.6	819803	345626	Java	Anordil	
0	32.6	474673	354165	Python3	eXod	
0	32.6	1251381	415506	Java	ZepHead	
0	32.59	721245	342650	ObjectiveC	Eugene1	
0	32.59	1070477	382458	Java	Stirius	
0	32.59	1853805	2422539	C++	LuckyMullet	
0	32.59	1060942	346732	C++	raphaelss	
0	32.58	1087109	361761	C++	Norival	
0	32.57	900666	353240	Java	lgsmitty	
0	32.56	544969	357850	C++	Nabilion	
0	32.56	932873	369980	Javascript	dwhitnee	
0	32.56	831681	508951	Python	Brindesable	
0	32.56	895306	347955	Javascript	NikIvan	
0	32.56	1039545	349709	C++	Pinor	
0	32.56	878086	356183	Perl	dchoulette	
0	32.55	1060834	342997	Python	WalterOLockerhead	
0	32.55	230519	341476	C	Gadam06	
0	32.55	831171	355703	Java	Recoding	
0	32.55	1379195	415772	VB.NET	Ricktastic	
0	32.55	940262	357776	Python3	f	
0	32.55	1356964	1086223	Java	Willathon	
0	32.55	416704	339841	Pascal	prgjff	
0	32.54	1016299	577648	Javascript	RicardoNunes	
0	32.53	788357	358240	Python	DrDr3ck	
0	32.53	751369	340843	C++	tibithegreat	
0	32.52	922495	375118	Python3	Dx	
0	32.51	828459	345068	C++	omu	
0	32.49	1416725	1229101	C	BayashiPascal	
0	32.48	972414	353118	Java	Hackman	
0	32.48	1479930	2463459	C++	LeRenard	
0	32.47	1427078	485036	Java	ToshiTuringMachine	
0	32.46	978754	352232	Java	flower_child	
0	32.46	425757	415197	Ruby	Keres	
0	32.46	890295	353410	C	Krayz	
0	32.45	1058254	347144	Java	GAik	
0	32.44	164454	343351	Java	aRaMinet	
0	32.42	155601	346438	C++	mattox	
0	32.39	585897	343297	Java	adeprez	
0	32.38	1038444	354144	Java	Kelton	
0	32.37	957197	343889	C#	Luche	
0	32.37	1364983	2117015	C++	BogdanDevichev	
0	32.37	1062192	348596	C	Ch_Amine	
0	32.36	902195	345241	Java	0x43-0x50	
0	32.36	153678	459452	Go	dknn	
0	32.34	979746	353489	C++		
0	32.32	818130	341692	C#	St0y4n.GG	
0	32.29	968305	357298	C++	Mickael.a	
0	32.28	1898847	2242355	C	faga	
0	32.27	155906	354046	Scala	AlainBearez	
0	32.27	1411423	491913	Perl	Wyllyam	
0	32.27	218189	415584	Python3	[CG]Maxime	
0	32.27	826372	348172	C++	skyyker	
0	32.26	1234905	479664	Java	DavidAvakov	
0	32.26	1223426	570116	Java	VolgoAK	
0	32.25	154362	342420	C++	Ely	
0	32.25	934381	2447304	Rust	PolyB	
0	32.25	987805	340343	C++	BlackOnyx	
0	32.25	153661	354407	C++	Lionel	
0	32.24	900460	352430	PHP	Payalord	
0	32.23	657453	339330	Scala	Hss	
0	32.23	845329	353430	C	Tomtix	
0	32.23	604196	342430	Python3	sunny0	
0	32.22	1441132	475633	Python	ryan-morra	
0	32.21	1077623	345476	C	BOABDEAL	
0	32.2	973948	365559	Python3	Amnesix	
0	32.18	1036976	352864	Java	MojoJojo	
0	32.17	1040508	354817	C#	Deuclos	
0	32.15	826359	346562	Python3	Skywalker	
0	32.14	3235897	2471379	Java	Zylo	
0	32.1	1305685	1313021	Python3	grigoriy.tretyakov	
0	32.1	1229321	369757	Java	yasht	
0	32.08	246715	342761	C++	MattW	
0	32.07	992144	350705	C++	MikeSixNine	
0	32.06	1480384	2422627	C++	RockyMullet	
0	32.05	368727	339155	Java	p0wonTnx	
0	32.02	431256	344924	C#	Ps-spectre	
0	32.02	704737	368735	Python	Azelo	
0	31.97	1818159	2429944	C++	JRFerguson	
0	31.97	2683096	1915972	OCaml	MPSI-LIV-nicod-eva-2	
0	31.96	1755689	911450	Javascript	dgjxqz	
0	31.95	1005061	351609	Ruby	drac	
0	31.95	887370	357727	C#	Luuna	
0	31.95	952145	380164	OCaml	EddyNasty	
0	31.93	2488552	1916131	OCaml	MPSI-LIV-nicod-eva	
0	31.93	1512968	906123	Java	cuduputu	
0	31.89	1436764	1218116	Python3	Djuls-NYC	
0	31.89	389175	355844	Java	Folkenn84	
0	31.86	414278	476901	Java	oobException	
0	31.86	292846	1622962	C++	Ninja	
0	31.83	1409924	423547	Java	RevenantMachine	
0	31.81	1036070	363002	C++	Lelouchzqy	
0	31.8	926124	1284436	Java	Beerus	
0	31.77	1792532	2702493	C#	Zanbez	
0	31.77	311035	2668301	Python3	leojean890	
0	31.76	1488036	642447	Python3	vlabbe	
0	31.76	1376803	414523	Javascript	salvan13	
0	31.76	1042422	343985	Java	Chabal	
0	31.75	1411649	643459	C++	Levatol	
0	31.73	936107	355292	F#	kors	
0	31.72	921111	354536	Python	Kyria	
0	31.7	958245	357195	C#	himanshu.gupta	
0	31.69	1239981	370035	C#	jaxpylon	
0	31.67	1096699	364859	Python	bbuilder	
0	31.66	1673512	2582832	C++	Ryoken	
0	31.65	359529	354065	OCaml	vonvroum	
0	31.65	1384971	415930	PHP	BoyanYankov	
0	31.65	514460	341304	C++	Harv	
0	31.65	1316945	398932	Ruby	aeris22	
0	31.63	1039319	1884369	PHP	pneus84	
0	31.61	1039809	349183	C#	Azziliz	
0	31.6	1376516	417730	C#	MarkZwicker	
0	31.6	1065394	355606	Python3	Roxa	
0	31.6	1426525	451326	Python3	FrankVieira	
0	31.6	527749	629802	Go	Pds	
0	31.6	2590149	2061759	Python3	GoofyGas	
0	31.59	1003800	347103	Go	Summus_Qualitas	
0	31.59	1239787	374894	F#	Name	
0	31.58	876110	367131	Python3	bougadabou	
0	31.58	577069	344291	Clojure	tvb999	
0	31.57	949451	370479	Javascript	Poyoman	
0	31.57	230015	347996	Java	Kolo9	
0	31.57	1040245	355307	C	Matze	
0	31.52	1410680	459585	C	EzLucky	
0	31.5	1068749	354060	C++	MarcioReis	
0	31.46	1096274	455234	C#	DrBrask	
0	31.45	1132495	370402	Java	Yaayoun	
0	31.43	875545	438717	Python3	BELPHEGOR	
0	31.42	1379610	1408449	C++	Stanmar	
0	31.4	543181	353244	Java	dominisz	
0	31.39	417433	353686	C++	Oakos	
0	31.39	3317108	2836787	Python3	Pseud0	
0	31.35	1306752	411937	Python	spk9	
0	31.35	2110342	2104229	C++	lchenay	
0	31.35	1363875	455239	Python	vtalpaca	
0	31.34	153784	417722	C#	Whitec	
0	31.34	1400653	2257488	Python3	tsalin	
0	31.32	1728217	1122731	C#	_spoon_	
0	31.32	429845	353482	Python3	steve3003	
0	31.31	1321710	410641	OCaml	Swagboy	
0	31.31	197298	351835	Java	Falkor	
0	31.3	2416641	2306611	Python3	Zenoscave	
0	31.3	1075044	345379	Javascript	vob	
0	31.3	1037848	358461	Javascript	pretension-itself	
0	31.3	375688	343831	Java	fcgb87	
0	31.29	1064518	354080	Java	lombosp	
0	31.28	404560	1326922	Ruby	Uquu	
0	31.27	1061532	346403	Javascript	SnowDragon	
0	31.27	1299891	2403828	Lua	lesslucid	
0	31.26	1929747	2328414	Java	jeyBoole	
0	31.25	373704	350653	Ruby	LumpyMango	
0	31.25	1063575	350076	C#	TomaszMalik	
0	31.24	1407950	455339	Javascript	valvin	
0	31.24	256955	339591	C++	cup_of_tea	
0	31.23	1743393	1077543	C++	Yudzhin	
0	31.23	3317120	2836664	Python3	Ncat_Memphis	
0	31.22	905697	355097	C#	SharkyRS	
0	31.19	1061404	353282	C	mattcaroni	
0	31.18	1317750	1223867	Scala	loul	
0	31.18	1055535	347770	Python	elghinn	
0	31.18	1046623	570763	Java	the_pins	
0	31.18	862521	349593	Python	logical8	
0	31.17	2106827	1445894	C++	shangshandaye	
0	31.17	1057948	348513	C	Kavishankar	
0	31.16	546018	357275	C++	Dropye	
0	31.16	1336780	606765	C++	SergejA	
0	31.15	1000199	357975	C	Zlatko	
0	31.14	1198313	369275	Python	BobBieLoblaw	
0	31.14	887560	345743	Scala	stok	
0	31.14	1227597	411166	Python3	Luckex	
0	31.14	1374887	415741	C#	NicolasViollette	
0	31.14	294302	339353	C++	vorkostil	
0	31.14	1156088	2430391	C++	Zyone	
0	31.12	226115	340563	C++	Nergal	
0	31.12	319332	350097	Python3		
0	31.12	1294449	408811	Python3	Jolidragon	
0	31.12	880044	341687	C#	Dalmali	
0	31.12	1403325	417255	Javascript	MrHen	
0	31.12	992752	1306957	Java	Trusion	
0	31.12	1511645	644788	Python	OleksandrVoytsekhovskyy	
0	31.11	1501735	789120	Python3	bernardlavilliers	
0	31.11	1447295	1111668	C++	Roszondas	
0	31.1	154348	340899	C	ProYd	
0	31.1	1307473	476155	C++	Evgenykz	
0	31.1	1225196	950726	Python	Pepetroo	
0	31.1	993715	345171	Java	Yvan	
0	31.09	834200	350064	Python3	Amin_pl	
0	31.09	1050421	345346	Java	geppoz	
0	31.08	154858	340686	Javascript	PoF	
0	31.06	1294175	375132	C#	Dima_Ahramovich	
0	31.05	842203	357470	C++	ji_no	
0	31.05	1442155	469659	Java	AllAllAll	
0	31.04	1331995	392989	Java	TheSamWiser	
0	31.04	1431090	470114	Python	JangHyoungNam	
0	31.04	270926	347486	Python	NigelSheldon	
0	31.03	899864	355611	PHP	therainycat	
0	31.03	859440	357642	Scala	acnipih	
0	31.03	1058101	342821	C++	FloPanda	
0	31.02	406188	351844	C++	parallel	
0	31.01	1049935	1866122	C++	Azkellas	
0	31	1059857	578820	Javascript	SlobodanZivkovic	
0	30.99	1189679	505112	C++	Wayde	
0	30.99	1060991	348574	Python3	kipnell	
0	30.97	201550	446387	Java	CheickMahadySissoko	
0	30.96	1066672	347937	Javascript	Zhyjiuk	
0	30.96	600941	347351	C++	mrv	
0	30.96	572830	341741	Java	consuLion	
0	30.96	1269372	381305	C++	MooseTard	
0	30.95	1042118	357963	C	neb	
0	30.94	2056413	1367161	Python3	flyingsly	
0	30.94	172662	348533	Scala	anzood	
0	30.93	1036986	342269	Javascript	Jace_TBL	
0	30.93	1555765	791752	C#	DewJunkie	
0	30.93	413993	352387	Bash	Gilbow	
0	30.92	1249322	370455	C#	MattLGX	
0	30.92	954005	477233	Python3	sulan	
0	30.9	1029313	354550	Python3	jiro789	
0	30.89	1065374	356018	Dart	alextk	
0	30.87	1255517	595254	C++	icekid	
0	30.86	937740	344410	Python	rnd495	
0	30.83	1206537	656015	C++	MadKnight	
0	30.8	874995	1214728	C++	Andy1210	
0	30.78	2528944	1916431	OCaml	MPSI_LIV_La_caste	
0	30.77	716006	357353	Groovy	bgd54	
0	30.76	1063061	351295	Java	omi	
0	30.75	1045884	410907	C++	Jaestrim	
0	30.73	579441	355107	Python	pealthoff	
0	30.73	418269	344329	C++	SeaPy	
0	30.72	1068404	449434	C#	Naveronen	
0	30.72	992691	2120883	Python3	tredden	
0	30.71	1404539	417778	Python3	Furrane	
0	30.7	155083	351022	C#	LOustad	
0	30.7	165690	340477	C	Yorwan	
0	30.69	1160166	415210	C++	GuitarGuru	
0	30.68	970531	357513	Java	Magdiragdag	
0	30.66	1068125	344809	Lua	Irvineflon	
0	30.65	2762653	2305073	C++	RAAAT	
0	30.65	917606	352479	C	Jomi	
0	30.65	1334479	785764	C++	apintor	
0	30.64	994096	353057	C#	depl20982	
0	30.64	1425395	450509	C++	Tsoin122	
0	30.63	884495	340989	C#	rafaelbc	
0	30.63	1125706	370154	C++	Saillou	
0	30.63	1186774	369529	Scala	Malthael	
0	30.63	1058103	342685	C++	Ruan	
0	30.63	935502	346696	C++	Tikss	
0	30.62	344844	356098	Java	Vinicius.oh	
0	30.62	1019835	364362	Python	ncflipp	
0	30.61	872208	349834	Javascript	ferguillaume	
0	30.6	155853	583565	Java	gansheer	
0	30.6	1042351	354799	PHP	MPD	
0	30.59	1279751	458833	C++	Tudou	
0	30.59	830607	344978	C++	minus9d	
0	30.59	903179	862696	Java	maksmas	
0	30.59	961270	345947	Javascript	imel	
0	30.57	959402	2668968	C#	gmessier	
0	30.56	825477	350477	C#	Leblond	
0	30.56	1451495	492094	C++	TallDwarf	
0	30.54	1061663	343471	C++	Pivis	
0	30.54	1717962	1437801	C++	Angryshark	
0	30.52	1525816	2142621	Javascript	Flodnes	
0	30.51	2659851	1917633	OCaml	ElianeCasassa	
0	30.51	619211	348432	Java	Thrain	
0	30.49	393345	339918	C++	Peter9449	
0	30.48	3734880	2754610	Swift	DavidJangdal	
0	30.48	154395	341815	C#	azedrummer	
0	30.47	314027	348020	C#	CrazyTuna	
0	30.46	1002316	344597	C	trigui	
0	30.43	2056649	1418803	C++	J3r3m067	
0	30.42	839517	357384	C#	Andrei2	
0	30.41	1526243	1058767	C++	ash2620	
0	30.41	924135	480578	C++	Stuxnet	
0	30.41	2290633	1615815	Python3	field3	
0	30.41	523322	344918	C++	cocodrips	
0	30.41	1439126	464627	C++	veluca	
0	30.4	1045904	357572	Javascript	farzher	
0	30.4	825231	2115966	Go	tumbudu	
0	30.39	1054714	342602	Python	ScottKulp	
0	30.38	1625378	791281	C++	Mustafa_Kamel_saied	
0	30.38	1753007	895171	C++	Suryanto	
0	30.38	2327967	1575293	Ruby	Karocyt	
0	30.36	440476	882767	Ruby	yowa	
0	30.36	1073247	917514	C++	DJ_NikJ	
0	30.35	1520245	871366	C++	kintdev	
0	30.35	2492713	1917588	OCaml	MPSI-LIV-elia06	
0	30.35	210413	354989	Java	T.Des	
0	30.33	820983	344847	Javascript	Funnybobby	
0	30.33	1121485	364728	C++	Dowan	
0	30.32	1113426	362073	VB.NET	Kuruts	
0	30.32	1369369	1391279	Python3	JulienDalle	
0	30.32	890975	341714	Javascript	e9	
0	30.3	1046004	352577	C++	CodeRaiderS	
0	30.3	814356	341152	C#	gaps	
0	30.29	1481353	541165	C++	SKS	
0	30.27	964503	355890	Java	ronna22	
0	30.27	2804763	2241961	C++	HAL9001	
0	30.26	2055377	1467199	C++	Covfefe	
0	30.25	1466376	1329402	C#	docjONEs	
0	30.25	880353	1394154	C++	zasmu	
0	30.24	993063	340054	C#	Shagoo	
0	30.23	1399102	416743	C#	Awesomenesser	
0	30.23	849237	340539	C++	Leviathan	
0	30.21	1069105	347933	Java	AlienBeer	
0	30.21	2990918	2572150	Javascript	Dingodino	
0	30.21	779372	356468	C++	ncin	
0	30.21	1208748	368435	C#	Gyppo	
0	30.21	1065546	355994	C++		
0	30.2	994034	344557	Java	Jazzcript	
0	30.18	1766181	1432454	Javascript	jantorestolsvik	
0	30.18	1169762	795489	Python	gagolucasm	
0	30.16	1939395	1888427	C++	Feburas	
0	30.15	1432296	621235	C++	akshat	
0	30.12	848052	343855	C++	agolu	
0	30.11	464682	339576	C#	goofara	
0	30.1	1010993	343263	C#	Hurrikhan	
0	30.07	597560	495944	C++	DarkWaw	
0	30.07	240311	602936	C#	Myrthem	
0	30.06	658368	357749	Perl	bewuethr	
0	30.05	589983	357488	C++	bandi13	
0	30.03	1225405	370734	C#	Flailgull	
0	30.01	1753424	909020	C++	FilkinKuiv	
0	30	1336138	404327	Python	wyrdoe	
0	29.98	870186	630099	Javascript	Till	
0	29.97	244634	350359	Python3	sham	
0	29.93	1477791	791172	C++	seitec01	
0	29.92	977878	345087	C#	JohannJvR	
0	29.9	1019675	347070	C++	Progr4Fun	
0	29.89	973040	1733307	C	papyjo	
0	29.87	1458472	489424	Python3	Platicopter	
0	29.86	2508766	1909944	OCaml	MPSI-LIV-Mitroglou	
0	29.86	1122239	1603238	C	AymenT	
0	29.85	2808757	2049904	Python3	iulian_g	
0	29.85	1209562	1469698	Python3	JohnnyYuge	
0	29.84	506283	417125	Python	AlexanderYaprintsev	
0	29.83	1361882	413422	Python	Lolofon	
0	29.82	1008717	341867	Java	Brainteaser	
0	29.81	1448366	576791	C++	Mihai2121	
0	29.81	887067	351906	Python3	~ethiery	
0	29.81	1065588	355515	C#	Rakzzz	
0	29.8	1279810	461436	C++	Skellora	
0	29.8	733335	346750	Java	DJNour	
0	29.8	1188273	370204	Python3	DevNico	
0	29.78	1062600	344820	Perl	realfranz	
0	29.74	833606	353127	Java	mattrero	
0	29.74	2665660	1917445	OCaml	MPSI-LIV_jesappelGrout2	
0	29.73	1288808	499175	Python3	Stanford_Pines	
0	29.72	1112163	803443	C++	JaredReimer	
0	29.71	1308680	604092	C++	bu7ch	
0	29.71	1990021	1231723	C++	math8811	
0	29.71	1238934	2499037	C++	accorp	
0	29.69	866399	341445	C#	Makam	
0	29.68	418265	355461	Javascript	Kruisie	
0	29.67	1333822	665158	Python3	Stefanorr	
0	29.62	999926	353502	C#	SkyyStorm	
0	29.61	833299	344556	C++	egbert	
0	29.6	587313	352933	C#	o4815162342	
0	29.58	1010573	343984	Javascript	Jezebel	
0	29.57	1189814	369357	Java	xy007	
0	29.57	1261028	370644	C#	asdf.	
0	29.57	1404381	417391	Java	DaDino	
0	29.56	1255613	370911	Python3	GreenShadow	
0	29.55	1098207	1213441	C#	ArturTabiszewski	
0	29.53	954300	339909	Java	TalpigaBogdan	
0	29.53	1168511	920742	C++	kasuka	
0	29.49	153698	362343	Java	obourgain	
0	29.48	1229845	1449998	Java	Jipe	
0	29.47	221648	413136	C++	svankoot	
0	29.46	1335265	1025384	Python3	JuanCarlosPepe	
0	29.45	951799	340824	Clojure	danimano	
0	29.42	864308	346191	Python	plewanda	
0	29.41	1348345	413754	Java	OndraCZ	
0	29.38	966939	375630	C++	Bleuj	
0	29.38	186405	358341	VB.NET	d-mark	
0	29.37	990569	343544	C++	Srkr	
0	29.37	1048596	530563	Ruby	bs90	
0	29.36	1059235	357337	C++	YerzhanU	
0	29.36	1480501	1859725	C++	DaFish	
0	29.36	1038882	347501	Lua	ICTylor	
0	29.34	880291	342283	C++	LaChapeliere	
0	29.33	2455616	2055639	Java	JeanClaude44	
0	29.32	476180	347248	C#	Kp0c	
0	29.31	188674	355554	Java	Dravini	
0	29.31	464171	543424	Python	vigov5	
0	29.31	472513	355273	C++	Fatall	
0	29.29	891277	375376	Java	an3zam	
0	29.29	686600	371147	PHP	j.watanabe_ORATTA	
0	29.29	155881	2455559	PHP	XLP	
0	29.26	1310837	382267	Javascript	Bylbok	
0	29.25	1365565	414565	Python	Jackal93	
0	29.25	276697	1472064	C#	Wanchai	
0	29.25	2510484	1917934	OCaml	MPSI-LIV_jesappelGrout	
0	29.25	171803	344490	C#	Stan	
0	29.21	1052506	343594	Java	mnementh	
0	29.21	1051871	355018	Python3	MattHylkema	
0	29.19	153716	349283	C	kp	
0	29.17	154937	344475	Python3	[CG]BOUGA	
0	29.16	964290	351509	Javascript	madcap99	
0	29.16	1378648	416735	C++	AKA_Steve	
0	29.13	569002	345963	Java	Maan	
