League	Score	UserID	AgentID	Lang	Pseudo	#multi,count=1007,time=2022-01-25 00:33:27
9	30.19	2489835	1769668	C#	Akarachudra	
9	25.62	2254195	1769673	Java	BrunoFelthes	
9	25.31	1818159	1769663	C++	JRFerguson	
9	24.49	1757536	1769678	Python3	BlueGhost31	
9	24.05	1321710	1769676	Python3	Swagboy	
9	23.53	1082988	1770106	C++	Saelyos	
9	22.98	1400179	1769665	C++	reCurse	
9	22.91	154984	1769672	C++	_Royale	
9	22.9	2043908	1871159	C++	AntiSquid	
9	22.83	2006324	1779994	C++	Djangonaut	
9	22.68	1756952	1769677	C++	Petras	
9	22.47	1487392	1769679	Kotlin	Razielwar	
9	22.01	893541	2624071	Java	wala	
9	21.97	1629259	2238464	C#	Marchete	
9	21.89	1845617	1769968	C#	Shingy	
9	21.81	820000	1769671	C++	ValGrowth	
9	21.76	1806741	1769860	C#	TheDayIsMyEnemy	
9	21.69	1347645	1769757	Java	Wick3d	
9	21.69	1049935	1837356	Python3	Azkellas	
9	21.65	1799131	1769667	C#	LuminousJune	
9	21.58	1201796	1769664	C++	P.Greze	
9	21.57	1406638	1769674	Java	[CG]Thibaud	
9	21.44	736075	1839274	C++	Xyze	
9	21.39	1664044	1837708	C++	BUG	
9	21.33	1854246	1769758	C++	Counterbalance	
9	21.31	1407621	1769675	C++	Taohbi	
9	21.02	2386035	2305159	C#	Samsonov	
9	20.92	1194069	2661854	Java	Redstrike	
9	20.81	1853956	1769966	PHP	yoannk	
9	20.73	1500515	1837508	C#	eulerscheZahl	
9	20.39	837350	1769755	Ruby	BorisZ	
9	20.3	198916	1770378	C++	WhatTrickeryIsThis	
9	20.19	533238	1771172	C#	Pr3toria	
9	20.03	1307473	2615431	C#	Evgenykz	
9	20.03	880353	1774616	Python3	zasmu	
9	19.82	2416641	2680545	C#	Zenoscave	
9	19.72	4334077	3717933	C#	Paul_Demanze	
9	19.57	1433688	1769666	C++	Geropy	
9	19.35	939530	1837357	Java	Jahz	
9	19.25	2434893	1778390	Clojure	cdurbin	
9	19.17	1931824	1769964	Java	Litops	
9	19.07	1040176	1769967	Python3	BoBot	
9	18.98	1611699	1774959	Java	EpiFlop	
9	18.92	754792	1867751	C++	Ramdeath	
9	18.91	1673512	1774406	C++	Ryoken	
9	18.91	153690	1772092	C++	Damz-Fish	
9	18.89	1479930	1774576	C++	LeRenard	
9	18.84	226528	1837355	Java	Manwe	
9	18.8	2288263	1972117	Java	dbdr	
9	18.8	416762	1769753	Javascript	Khao	
9	18.76	2474205	1770353	C#	zugzwang	
9	18.63	1816783	1820728	C#	NightLuna	
9	18.61	982141	3083115	Java	mawguai	
9	18.58	869239	1867729	C++	Vingte	
9	18.54	1905581	1774728	C#	Chrisalis	
9	18.5	1378958	1769965	C#	Illedan	
9	18.42	586565	1769670	C#	Dedoo	
9	18.34	1139056	1843622	Python3	Rohim	
9	18.29	2762653	2615430	C#	RAAAT	
9	18.18	1106450	1837780	C++	RiSuS	
9	18.05	1179950	3679291	C#	Patorikkuyatta	
9	17.91	1407720	1782562	Python3	bananaMixer	
9	17.81	1305374	1769882	C#	Frankich	
9	17.69	2470677	1820726	Java	Goujon	
9	17.62	1676711	3921987	Scala	Eeeval	
9	17.61	1944726	1820727	C++	bourgeof	
9	17.44	1855741	1770136	Kotlin	MrKIP	
9	17.28	567777	3692896	Java	[Pharmagest]_Mikael	
9	17.12	1983336	1842766	C++	Tiutens	
9	16.86	1480384	1781970	C++	RockyMullet	
9	16.73	1186250	3833561	C#	Gabbek	
9	16.7	2233676	1837509	C++	cleanrock	
9	16.66	1158238	1862833	Python3	Veka	
9	16.59	4381382	3825609	Python3	Uriaz	
9	16.46	1034635	1867728	C++	SlyB	
9	16.45	1071140	1771755	C#	BeberLeNewbie	
9	16.22	1895212	1862954	Python3	Maxlaxs	
9	16.17	1655149	3125692	Ruby	NBpowa	
9	16.15	3549977	2663708	C++	hugo.cabral	
9	16.14	1764618	1774407	Pascal	ave99	
9	15.95	925695	1776101	OCaml	Boulet	
9	15.78	1306541	1842763	Python3	Steuh	
9	15.73	1855354	3482776	Python3	KiwiTae	
9	15.69	805067	1776281	C++	Magus	
9	15.5	351062	1837507	Java	Neumann	
9	15.46	1895182	1862832	Javascript	Jean_Francois_R	
9	15.4	2007852	1843620	Go	Zorg1	
9	15.38	1399382	1955644	C#	Regulus136	
9	15.11	1743344	1843186	Javascript	ush189	
9	15.09	3435179	3693121	Python3	Valphyr	
9	14.84	1509238	1847164	Python3	Cosmo	
9	14.78	1238934	1843185	C++	accorp	
9	14.75	2490008	2662471	Python3	ebicochineal	
9	14.61	1411735	3692964	C++	lordaniel	
9	14.57	1480640	1862955	C#	snodes	
9	14.55	1279172	1842764	C++	Alphaloc	
9	14.48	1931039	1843772	C#	MooMooN	
9	14.46	792813	1943211	Python3	VilBoub	
9	14.42	1077559	3350533	Java	PhOeNyX	
9	14.42	1123581	1773788	Java	Luksis	
9	14.41	1386924	2119559	Javascript	Ylec	
9	14.41	863905	1862423	C#	tiraptor	
9	14.37	2320186	3693032	Java	aPoStAl	
9	14.36	828239	2119560	C#	[SG]Bisou	
9	14.33	788361	1868123	C++	Bob	
9	14.23	2489304	1955827	Javascript	Yawp	
9	14.2	2381596	1842821	Python3	Valnor	
9	14.05	1304841	1842765	Java	NitMpez	
9	14	1416686	1842820	C#	Avatar256	
9	13.8	1455753	2662472	Python3	Lysk	
9	13.61	1687754	1838415	Java	cg123	
9	13.47	1759839	1862913	Python3	matleg	
9	13.34	1898847	1842848	C	faga	
9	13.22	1836058	1862912	Javascript	SeebOmega	
9	13.15	735910	1774615	C++	Agade	
9	12.04	886483	1843633	C	R4N4R4M4	
9	11.96	1485690	1843813	Javascript	Kikoo	
9	11.43	1481693	2980885	C++	aniski	
9	11.27	1335230	1868131	Java	jft63	
9	9.75	1314162	1862956	OCaml	Gobi03	
9	4.75	2155687	1862879	Scala	NilsTheWizzard	
8	17.35	403748	1759369	Python3	[CG]SaiksyApo	
8	16.68	2924895	3892477	C	trictrac	
8	16.25	1464932	3491435	Java	Tiramon	
8	15.4	2433536	2065648	Python3	GiantPanda	
8	15.29	2360690	1771698	Python3	Galrauch	
8	15.2	329200	3495489	C++	BlitzProg	
8	15	1368852	3495584	C#	raysplaceinspace	
8	14.17	1791118	1863507	C++	Baboune251	
8	11.65	1944142	3350472	Python3	yakalir	
8	5.81	4206218	3936929	C#	Jerrasterix	
7	24.19	1415495	1751290	C++	fenrir	
7	23.18	831726	3029860	Java	XprophEtX	
7	22.96	1643849	2410268	C++	anton_sh	
7	22.62	735487	1751223	Java	amurushkin	
7	22.6	2021679	1958308	Java	Maccier	
7	22.6	3235897	3060691	Java	Zylo	
7	22.6	232528	1868473	C++	cegprakash	
7	22.52	2250452	1852640	Python3	Isac	
7	22.52	1728288	1751254	C#	MOLP	
7	22.5	2018552	2232369	C++	gurualo	
7	22.49	1404941	1751184	C++	Rexou	
7	22.37	2370407	1762404	C++	oneup40	
7	22.37	1443538	1751163	Java	Gevater_Tod4711	
7	22.37	1109979	2247872	Python3	Gloopy	
7	22.32	1854639	1751233	PHP	iDxMeG	
7	22.28	2051334	1751224	C++	Dwarth	
7	22.21	1583206	1751239	C++	simspok	
7	22.01	1572888	1837404	Python3	DirtyHarry	
7	21.9	1883153	1751174	C++	Zoidb3rg	
7	21.76	1622340	2621608	C#	VernerVinge	
7	21.59	2874091	3904430	Python3	5DN1L	
7	21.5	1607395	1774993	C#	Osuran	
7	21.4	1525831	1859065	Python3	ntsd	
7	21.28	841085	1751152	C#	Risen	
7	21.23	1584802	1751220	OCaml	emh	
7	21.1	891351	1751200	C#	AhmedMaher	
7	20.87	1768304	1769354	Python3	Manu306	
7	20.86	3749793	3023752	Python3	WINWINWIN	
7	20.8	2216956	1751246	Python3	TimDarcet	
7	20.78	2477780	1754240	Javascript	GamerVSL	
7	20.74	3919729	3921692	Python3	LinhT.Nguyen	
7	20.55	2242201	1753114	C++	Maryan	
7	20.55	2818814	2497367	Python3	LordOfThePings	
7	19.84	3523529	2696127	C++	Drkkiller	
7	19.83	2005105	1751269	PHP	Fred51	
7	19.82	3523530	2690162	C++	MIROVAS	
7	19.82	153683	3535876	Dart	40R15T3	
7	19.81	1783604	2066853	C	Vry	
7	19.7	1713174	3242746	Python3	BigUP	
7	19.7	1876721	3316912	C#	poInT	
7	19.67	1712706	2414523	C#	O.M.	
7	19.6	2195528	1751177	C++	MrWhite	
7	19.55	3501089	2724714	C++	zaidejas	
7	19.48	1607522	1751162	Go	RoboStac	
7	19.48	844968	1791426	Python3	MoMaT	
7	19.44	972894	1751193	C++	resty-daze	
7	19.43	1630890	1773965	C#	Wld	
7	19.38	1615232	1751202	Java	Karindath	
7	19.36	2731276	2076619	Python3	panda42	
7	19.35	3903319	3823745	Javascript	aymane211	
7	19.33	881037	2067421	Java	Amadeuszx	
7	19.33	1857772	1751218	C#	darkange69	
7	19.32	1903031	1751243	C++	hard-coded	
7	19.31	1832461	1751573	C#	robcthegeek	
7	19.28	808454	3018836	C#	.EagleDawn.	
7	19.26	1740037	2679419	Scala	ereiam	
7	19.24	1064903	1751230	Java	Ghirtor	
7	19.17	3501078	2696050	C++	neda02	
7	19.16	3501077	2698719	C++	Augis154	
7	19.16	2480827	1752159	Javascript	Timespace	
7	18.97	1484839	1751187	Perl	sparky	
7	18.95	1062509	1990097	Java	Xavier_Kress	
7	18.92	650661	1751207	Ruby	Syro	
7	18.89	1760921	1751178	Rust	[Leonardone]-[-_-]-[NEETSDKASU]	
7	18.69	1856237	1755882	Java	LeBaguette	
7	18.64	1894833	1751167	Python3	Rimailleur	
7	18.57	3501076	2724715	C++	Karoliscd	
7	18.44	1528055	1772852	C++	YannBeuc	
7	18.38	734401	1751288	C++	b0n5a1	
7	18.38	1457162	1751171	C++	JFB	
7	18.27	1625385	1774297	Python3	Lollypop	
7	18.24	3903473	3158791	Python3	Konstant	
7	18.07	833881	1756103	C++	Xs54Ti	
7	18.07	1489865	1755238	Python	EricSMSO	
7	17.99	833115	1754148	PHP	VSLourenco	
7	17.92	568476	1751151	Java	Dje54	
7	17.92	1350971	1751234	Java	Bodzio	
7	17.92	3515939	2691003	C++	Molis	
7	17.91	1910916	3836895	Javascript	VivienBillot	
7	17.86	635884	1757603	Java	[1A]Zaxx	
7	17.85	2233179	1751287	Python3	Samsa	
7	17.84	1753077	1752943	C++	codingWhale	
7	17.7	1734039	1771974	C++	ProfJack	
7	17.67	1480501	1766806	Java	DaFish	
7	17.62	818780	2233719	Javascript	bbodin01	
7	17.6	331880	3832633	Kotlin	Monstruo	
7	17.58	512097	1935029	Haskell	Stilgart	
7	17.46	2440248	1770507	Python3	Javfres	
7	17.36	928567	2693697	C++	Konstanta	
7	17.35	2169137	1752945	Python3	SkippyBro	
7	17.2	1751467	1754002	Java	Une_Vachette_du_31	
7	17.12	2476772	1757046	C#	moson	
7	17.09	2006230	1765466	Python	l736x	
7	17.06	2351282	1753809	C++	TrebledJ	
7	17.02	2176877	1751179	C++	pasymows	
7	17	2093395	1888109	C#	VadimKuznetsov	
7	16.92	1978863	1965133	Python3	h4o	
7	16.9	2040493	1751206	Python3	dojomouse	
7	16.86	2500505	1779898	Java	Dodu	
7	16.85	1066745	3042848	Javascript	DepartmentOfRedundancy	
7	16.84	2077458	1751213	Python3	Ragi	
7	16.79	590428	1770319	C#	Troy	
7	16.77	1734105	1776233	Python3	Bibou	
7	16.76	1803811	1758447	C	TabascoEye	
7	16.73	2463909	1751159	Java	ckobayashi	
7	16.73	999637	1751155	C	dinobogan	
7	16.71	2582643	1840663	Python3	DJrafou	
7	16.7	1333869	1752944	Python3	kiwijam	
7	16.69	2003111	1756218	PHP	Krikolo	
7	16.68	2968035	3070706	C++	DomiKo	
7	16.66	849746	1754675	Python3	lmj	
7	16.66	1333727	1933544	C++	mai	
7	16.66	1140677	1751423	C++	Crog	
7	16.6	1898584	3735880	C#	Natorade	
7	16.58	2073457	3001147	Java	A_WHO_	
7	16.48	1654200	3797622	TypeScript	Didyeah	
7	16.47	2382054	1757792	Java	jsimoes	
7	16.45	1579627	2202260	C#	Bahrani	
7	16.43	347029	1752002	Go	Kevapo	
7	16.4	4116990	3423875	Rust	MyMonkey	
7	16.37	1449433	1804754	C++	Rolf	
7	16.35	2055377	1947369	Python3	Covfefe	
7	16.35	2274329	2087917	C++	mozmoz	
7	16.29	2108962	1759699	Python3	DeveauP	
7	16.28	2092746	1764330	Python3	donjo	
7	16.27	4087664	3366738	C++	YodaMaster123	
7	16.25	1555572	1757793	C#	ThunderbirdOne	
7	16.25	2290633	1760809	Python3	field3	
7	16.25	1770280	1771550	C#	Maxboyer	
7	16.22	3983017	3490226	Python3	TLbuis	
7	16.22	1071448	1757332	C#	El_Miguelito	
7	16.21	2535940	3154941	C++	BobObiwan	
7	16.19	2401888	1777914	Python3	RubberDuck	
7	16.13	1491995	1763911	C#	Tyir	
7	16.13	1075260	1836341	Java	metwesse	
7	16.12	1631057	1867071	Python3	Pask	
7	16.11	4672800	3959040	Python3	RickNR1	
7	16.1	2643294	3696668	PHP	L_hermythe	
7	16	2836269	2998512	C++	Ponas_N	
7	15.98	1504967	1757790	Java	rollin_rob	
7	15.97	2418896	1764742	C#	Zsiga	
7	15.96	2093060	1767697	Python3	OursDesCavernes	
7	15.96	854169	2226711	C++	Silmaen	
7	15.87	3647844	3834877	Python3	rc95401	
7	15.78	1920780	1754477	C++	WagnerGascho	
7	15.76	2202771	3891241	Java	Kaplone	
7	15.73	1838549	1755530	Rust	orangesnowfox	
7	15.71	2387233	3660045	C#	SinOfWrath	
7	15.69	1606588	1751247	Python3	inoryy	
7	15.69	2102562	1753116	Python3	lyan	
7	15.62	1485989	1851521	Python3	ReActiveNZ	
7	15.58	973040	3904869	F#	papyjo	
7	15.44	2449949	1806868	C#	Froomie	
7	15.36	1755656	1779018	C#	GenesisQ	
7	15.36	4447108	3797623	C#	MonkeyFeathers	
7	15.33	2455616	1853393	Java	JeanClaude44	
7	15.32	1412263	1842929	PHP	PatrickMcGinnisII	
7	15.31	802171	1955514	PHP	Merome	
7	15.3	1060181	1836547	Ruby	Dabou	
7	15.27	1029602	3904401	C	Potemkine	
7	15.25	1938737	1852581	PHP	_Logan_	
7	15.25	1393074	1759897	C++	forceOfHabit	
7	15.24	1288527	3922087	Java	Snef	
7	15.22	2447030	3047202	C++	Stl	
7	15.21	2836250	3327471	C++	Raminra	
7	15.15	1991836	1760804	C#	qbit86	
7	15.12	1604295	1944623	Javascript	SergeyShirokov	
7	15.1	2161355	1854378	C#	ttlTerminator	
7	14.93	1596238	1760808	C#	NickStahl	
7	14.84	1481544	1759898	C++	ZarthaxX	
7	14.76	880044	1841059	C#	Dalmali	
7	14.68	3657937	3924121	Python3	elderlybeginner	
7	14.13	153965	3922089	Python3	Keelhaul	
7	13.87	1225445	2490213	C#	Lentaq	
7	13.8	1701043	1768222	C++	Qnu	
7	13.76	1436776	1759899	C++	BrainSolver	
7	13.75	1420266	1884308	Python3	Paulblaze	
7	13.3	1792532	1944203	C#	Zanbez	
7	13.28	2125058	1774203	Javascript	natstar	
7	13.25	155774	3352952	C++	dwarfie	
7	13.25	155091	1751238	Java	smeagol	
7	13.22	969000	1759901	Javascript	KB	
7	13.12	1300254	1751208	C++	Escdemon	
7	13.07	1816961	1778943	Java	pwlrfl	
7	13.02	2049093	1774272	Java	Temosare	
7	12.94	1461866	1755024	Java	Spacebird1313	
7	12.82	1171469	1751205	Java	Reblochon	
7	12.59	1528274	1837445	Ruby	BlanCap	
7	12.44	1880319	1751244	C++	WildSmilodon	
7	12.44	1482864	1751189	C#	Youm82	
7	12.41	2729630	2772918	C++	Halphas	
7	12.36	1487168	1760805	Bash	FatIvan	
7	12.11	778379	2694336	C++	KTU_lyceum	
7	12.09	3155687	3921943	Java	demo_bot	
7	12.05	371603	3891129	Ruby	martin	
7	11.93	938374	1777049	C#	UnmanagedCode	
7	11.91	1502825	1802537	C++	KamronSaliev	
7	11.84	237831	3922664	C#	Emmanuel.Ruhnau	
7	11.83	1811179	1774273	Java	Tetarus	
7	11.8	3917341	3922091	D	Putnam3145	
7	11.79	1086214	1778130	Perl	bor	
7	11.77	4230778	3922015	F#	joel76	
7	11.7	225875	3922086	C#	leff	
7	11.63	1449903	3922019	Python3	AKIBA	
7	11.49	440476	1760908	C++	yowa	
7	11.49	961206	2438469	Python3	Ze_the_coder	
7	11.46	2836254	3922016	C++	woongurys	
7	11.42	1347650	3922088	C#	T-Dup	
7	11.38	1314796	3922092	C++	JBence	
7	11.37	889789	3922018	C	Alain-Delpuch	
7	10.76	1944724	3047312	C++	Anomin	
7	10.69	2497820	1763545	C#	Stormzala	
7	10.51	1046623	1756259	Java	the_pins	
7	10.09	1616071	3922090	Java	Cyberpunk	
7	9.91	935759	1955513	F#	Jason_Down	
7	9.85	2454789	1763675	C#	AshkanSirous	
7	8.64	1575342	3922093	C++	T7ung	
7	8.6	2297753	3327530	Python3	Warly7692	
7	7.49	815488	1851523	Java	Seti	
7	3.63	2069141	1880755	C#	tomeko	
7	2.51	1192837	1751241	Rust	davidB	
7	2.51	1512611	1751562	Java	Essigautomat	
7	2.5	2158902	1852111	Scala	Snowbart	
7	2.49	1515891	1759900	Kotlin	ndc	
7	0.81	1151675	1759791	Kotlin	pow	
7	0.75	904881	1760806	Rust	lpenz	
6	22.77	1861300	2847106	C#	Jakkyl	
6	22.75	600741	1845090	Python3	Omer	
6	22.66	2655682	2498010	Java	CoderFromOuterSpace	
6	22.64	3074711	2634308	Javascript	LeoLet	
6	22.63	3922731	3626419	Dart	Dartisan	
6	22.53	1472600	1755816	Python3	Buzzkill	
6	22.51	2420013	2446761	Java	Zoli007	
6	22.51	154996	2772887	Ruby	shashwat986	
6	22.48	1353795	1943739	Javascript	TheCrucial	
6	22.47	1796070	2239244	Java	MinorScale	
6	22.44	311035	3034302	Python3	leojean890	
6	22.31	1437254	2119668	C++	vordhosbn	
6	22.31	935802	1774532	C#	Jerhyn	
6	21.54	1035241	1748435	Python3	Aleman	
6	21.45	2572485	1873800	Ruby	DGynn	
6	21.3	1861258	1741789	Python3	Nazdhun	
6	20.91	3721214	3173911	C++	jrke	
6	20.75	3657944	3944760	Python3	xyz-1	
6	20.66	825049	1764192	Java	Scheronimus	
6	20.13	1707377	1745053	Java	Colgate-Blancheur	
6	20.05	256955	1934448	C++	cup_of_tea	
6	19.6	1568785	1943764	C	Chalzy	
6	19.39	609811	3904987	Python3	Atesz	
6	19.26	873958	3166939	C#	cheeser	
6	19.2	298897	1740787	Java	Dayde	
6	19.19	3877908	3025684	Java	boraakgn	
6	19.13	490588	2830107	Python3	Uljahn	
6	19.09	1195031	1866414	C++	Nekto	
6	18.93	892436	1853063	C++	Napak	
6	18.92	1432561	1748314	Python3	Calebblaze	
6	18.52	1829569	1741867	Python3	[0___0]	
6	18.28	894599	1845569	Java	DidierC	
6	18.24	484031	1853729	PHP	LeSSeR	
6	18.13	1573471	1747494	C#	decompiled	
6	18.13	1314316	2077605	Python3	jolindien	
6	18.08	2263101	2047389	C#	Rewolf	
6	18.06	2109099	1845082	C#	tod2g	
6	17.66	2508671	1759733	Java	MasterMike	
6	17.54	2545048	1772726	Java	qwertyo	
6	17.5	2451543	1742832	C++	memiczny	
6	17.39	3305510	3110919	PHP	TBali	
6	17.03	3542938	2695815	C++	Vikuuuse	
6	16.94	646741	1774419	C++	Polack77	
6	16.9	4122429	3374758	Java	AndriusPopliauskas	
6	16.88	4081634	3685672	Python3	Wontonimo	
6	16.74	1586397	2844257	Python3	menger3	
6	16.71	2519513	2047752	C#	SamHipkiss	
6	16.62	4089252	3457227	Python3	Miki09	
6	16.61	2545050	2536295	Python3	Byzilio	
6	16.61	1209562	1740148	Python3	Jiway	
6	16.6	4092117	3365252	Python3	ChampionCoder	
6	16.6	2450989	1746352	Java	SergeyRF	
6	16.58	3177616	2602268	Python3	kawacchu	
6	16.54	4508271	3924208	Python3	Thorcode	
6	16.49	1593008	1753582	Java	Kh	
6	16.49	314562	2095971	Javascript	Mechar	
6	16.44	1408492	1765066	Bash	Ptit-g	
6	16.43	2366498	1943746	Java	VicariousVictor	
6	16.42	1178401	3123195	Python3	mizzHuarta	
6	16.41	3975030	3438831	PHP	tiboitel	
6	16.41	2373953	2643899	Javascript	Dridriun	
6	16.32	3564009	2658855	Lua	Waffle3z	
6	16.3	2430901	1741871	Python3	unjailed	
6	16.23	3897897	3924238	Python3	____Z_X_C____	
6	16.08	1293010	1847282	C++	aLee	
6	16.03	2466996	3871143	C#	dreadylein	
6	15.92	3101644	2507390	Java	HerrHagner	
6	15.91	2497890	2116094	C#	BlackBird	
6	15.66	4320795	3976540	C++	momow24	
6	15.62	4307403	3528369	C#	Diegobarle	
6	15.57	1587636	1855208	C++	meta11co	
6	15.54	1747292	1866644	Swift	CodeReaper	
6	15.41	1351763	1970739	Ruby	gatto	
6	15.34	2763458	3936773	Python3	Lokoslav	
6	15.19	1860206	1743518	Python3	Meimei	
6	15.13	1997622	3006216	Python3	Ra777	
6	15.12	3542039	2620952	C++	bip-bip	
6	15.05	2398608	2590745	Python3	M_C	
6	15.01	625098	2249776	Python3	vmontagn	
6	14.93	1124684	1746818	Python3	Lavarous	
6	14.77	4108584	3367602	Ruby	John_123456	
6	14.73	1462449	2573389	C++	wackadoodle	
6	14.62	4015921	3209440	TypeScript	vuzonp	
6	14.38	2241559	1777576	Python3	eskeln	
6	14.33	3674162	3687052	Python3	OctoGeneral	
6	14.33	3244055	2445895	Python3	s.Kara	
6	14.31	1336464	3459350	C++	magaiti	
6	14.29	4676522	3964666	Python3	Ausfragezeichen	
6	14.23	2107217	2051012	Python3	Oh-Maley	
6	14.13	2017805	2983019	Python3	Winter_not_comming	
6	13.88	2511772	1988442	PHP	ChristopheFerreboeuf	
6	13.71	4039884	3392745	C++	mzbear	
6	13.68	2923506	3425177	C++	darkhorse64	
6	13.55	2450542	2586787	C++	MindController	
6	13.5	1125115	3674633	Python3	RafaelSan	
6	13.48	420830	1746645	C++	opsenas	
6	13.45	3974601	3096641	C++	Simple_	
6	13.44	1420269	1744515	Python3	Vischtor	
6	13.44	2520126	1746488	C++	yy214	
6	13.39	1835644	1749348	C#	callumsteele	
6	13.31	1661563	1742582	C#	Eurospiders	
6	13.3	1635785	3074797	Java	zsiguli	
6	13.28	2548707	1777506	Javascript	notliam	
6	13.24	400009	1773154	Java	Kaozak	
6	13.23	1555765	1769897	C#	DewJunkie	
6	13.18	4216789	3456097	Perl	Saur2000	
6	13.14	1948029	1749351	Go	matscube	
6	12.88	2095734	1866189	Python3	ByronSlater	
6	12.87	2170370	2446450	C#	Rasmus-BLind	
6	12.69	3482949	3147281	Java	Masshood	
6	12.43	3100778	2247840	C++	Muhannad	
6	12.4	2671391	1940655	C++	Peter_Pin	
6	12.35	4243940	3673854	C++	Ace_02	
6	12.3	2057540	1743203	Java	liz22	
6	12.22	1360294	1740654	C#	otk	
6	12.18	2116737	1836946	Java	Meddee	
6	12.08	3141948	3977934	Python3	philRG	
6	11.99	2125348	1751596	Java	JMLeMage	
6	11.6	1569420	3453459	Python3	Tuo	
6	11.6	3597101	2620941	C++	MikhailN	
6	11.39	197298	1766238	PHP	Falkor	
6	11.24	1272263	1747373	Python3	Caled	
6	11.19	4470306	3860342	C#	NONstope	
6	11.17	1841602	1772263	C#	BrightHammer16	
6	10.84	1825800	1964446	C#	Beshinei	
6	10.83	1374052	1743644	Java	Pesegato	
6	10.81	1959179	1778575	C#	savitar	
6	10.74	4450463	3839212	C#	RickJ	
6	10.55	2478141	1740703	C++	koopafou	
6	10.54	4292493	3902482	Python3	gracz	
6	10.42	862919	2503849	C++	Astrobytes	
6	10.38	2215388	2574922	Python3	noufany	
6	10.36	3513265	3451954	C#	DaNinja	
6	10.32	580424	3021206	C++	siman	
6	10.13	1274026	1861053	C#	Sethius	
6	10.13	1958157	1774270	Python3	WagnerGascho2	
6	10.11	1953786	1924931	Python3	ludowsky	
6	10.07	2187656	1740394	Lua	RanXerox	
6	10.05	1965534	1804681	Javascript	AlexandrePalis	
6	9.98	1223426	1747314	Kotlin	VolgoAK	
6	9.91	1268618	2085295	Java	Barnou	
6	9.9	970443	1741274	C++	Ak_va_man	
6	9.8	2927602	2668646	C++	RibsOfDoom	
6	9.72	1835014	1774291	C	Frits	
6	9.72	3500850	2660237	C++	pewdspie28	
6	9.7	862336	2991110	C++	Zaphus	
6	9.67	2488298	2199294	Kotlin	wfournier	
6	9.65	540888	2080535	Ruby	Gamma	
6	9.56	3680900	2679081	C++	MartynasPetrusevicius	
6	9.51	1300176	1772716	C++	CPP_Dave	
6	9.43	2249391	2082337	Java	freenet	
6	9.35	1373803	2624539	C++	Weisu	
6	9.29	1528385	1776218	C#	HiagoMTS	
6	9.23	2685790	2119708	Javascript	Laws	
6	9.2	1981732	2084898	F#	MJS	
6	9.16	2526290	1774887	C++	hk_cnyali	
6	9.15	3574789	2659474	C++	Dimason	
6	9.12	1814485	1742783	C#	Fluttershy	
6	9.07	1276891	1748979	C++	Zeba	
6	8.77	1816257	1863891	C++	Bullle	
6	8.73	1698119	1774908	C#	Bumblesquat	
6	8.69	1608391	1774395	Python3	Swobu	
6	8.68	1698172	1751559	Python3	glop	
6	8.59	1540478	1739525	Javascript	struct	
6	8.44	4375315	3743091	Python3	poppyer	
6	8.25	999186	1747901	Java	Bilgetz	
6	7.82	3039456	2202111	Python	SabertheLost	
6	7.77	2997102	2254942	Python3	[SSS]Nass	
6	7.59	878168	1970740	Python3	Czaporka	
6	7.37	1778731	1741196	Rust	pen	
6	7.33	838053	1756230	Javascript	foufbibi	
6	7.31	3568092	2689806	C++	Serva	
6	7.29	938714	1745603	C++	Kristijonas	
6	7.15	2824703	2668651	C++	NormantasStankevicius	
6	7.1	1518732	3123383	Java	Apfeloxid	
6	6.89	155928	1740140	C	pk	
6	6.81	3542945	2695829	C++	shredyz	
6	6.78	3503350	2689275	C++	Foxy47	
6	6.68	1786654	2215020	C++	Masclins	
6	6.65	3542939	2695817	C++	Taffy_Taffington	
6	6.55	2405889	1842413	Scala	Saivo	
6	6.54	1479362	1744699	Java	cjd	
6	6.5	3568090	2679366	C++	Rokas_Cikanavicius	
6	6.38	3230794	2929153	Python3	tutubalin	
6	6.38	2863843	2685998	C++	BlackWind	
6	6.11	1926967	1743224	PHP	Stanworld	
6	5.81	1741996	2643893	Java	Otha	
6	5.35	1787026	3450889	Javascript	xurei	
6	4.89	1104021	1771815	C#	Hule	
6	3.56	2627770	1867639	Go	skido	
6	3.03	1838289	1740824	C++	Dagal	
6	2.95	3408715	2445893	Python3	Abydox	
6	1.82	1428084	1964374	Dart	Mixolyde	
6	-2.66	1108200	1756366	C++	MarkWyz	
6	-2.93	1538846	1764061	Rust	ZweiPunktFuenf	
6	-14	1319750	1739795	Ruby	NicholasGarrett	
5	10.12	3522568	2695629	C++	bot.exe	
5	9.45	2499257	1848893	C++	Jesega	
5	6.99	914013	2052983	Python3	HexTree	
5	-0.6	3807227	3033612	Python3	GaryAflalo	
5	-1.57	2729093	3848630	Rust	flipped_a_bit	
5	-1.66	1841051	1933402	Python3	0xbeefed	
5	-4.84	2836264	2668049	C++	M0N1K4	
5	-5.23	4092113	3363984	Python3	Chiraag123	
5	-6.47	3520283	2620947	C++	KlonHero	
5	-6.87	3486079	2503122	Javascript	DerSlack	
5	-7.15	1285564	1739455	PHP	Rstamper	
5	-7.6	2219871	1742660	C#	TernumSal	
5	-17.45	3522401	2689917	C++	Aretanas	
5	-21.45	2467024	1743763	Java	Daytona	
5	-inf	1461255			Spaider15	
5	-inf	2493141			Teks3	
5	-inf	2541857			Mamba642	
5	-inf	1449129			Nagas	
5	-inf	2545054			Glebasta_WhiteStar	
5	-inf	1042911			Bitmind	
5	-inf	875453			Chapel	
5	-inf	1877899			Hagalaz	
5	-inf	2484082			neuromancer	
5	-inf	2228990			Drust	
5	-inf	1992560			pusiux	
5	-inf	788466			Reldan	
5	-inf	2137341			Anton_Bely	
5	-inf	1630013			omarsahl	
5	-inf	1896128			Vhanire	
5	-inf	1932059			Zhiesold	
5	-inf	1505267			gjimene1	
5	-inf	1428086			TerenceDuong	
5	-inf	2382065			Qward	
5	-inf	2407700			adoxography	
5	-inf	839879			Washier	
5	-inf	1609946			PeopleOfPlay	
5	-inf	1654507			Crashdown	
5	-inf	2672713			FilippoTenaglia	
5	-inf	2492546			Hazack	
5	-inf	1833861			NTH	
5	-inf	2477341			HaranRasalingam	
5	-inf	1550854			Jushak	
5	-inf	3028556			googlyeyesultra	
5	-inf	2868729			Snefff	
5	-inf	2162401			Eugenijus	
5	-inf	1743393			Yudzhin	
5	-inf	2225892			Titouff	
5	-inf	1081872			TAgry	
5	-inf	2423022			ptzafrir	
5	-inf	1390227			scorbiere	
5	-inf	2917474			JonnySnickers	
5	-inf	2662675			redline	
5	-inf	2073179			Biwere	
5	-inf	3198352			k.Mosk	
5	-inf	2726797			Nec	
5	-inf	2486442			problemlow	
5	-inf	3500848			Aidas	
5	-inf	3308192			kitty_bucket	
5	-inf	1442750			GwadaKing	
5	-inf	2592322			AUR	
5	-inf	2669224			VELIKY_RASUL_9999999999999999999	
5	-inf	2836258			1dk	
5	-inf	3568096			RobkePila	
5	-inf	1434515			scor-A	
5	-inf	2112782			spyk	
5	-inf	3766118			jules1	
5	-inf	3846244			JLukeSkywalker	
5	-inf	2472606			MehdiTouil	
5	-inf	1573129			servicerepair	
5	-inf	1520245			arxadev	
5	-inf	1500783			NotwenCaasi	
5	-inf	4008340			Shawnny	
5	-inf	3568091			Elargas	
5	-inf	1716558			BohdanKorchak	
5	-inf	4157211			Omusie	
5	-inf	3921345			JFP81	
5	-inf	3740142			Bedstorm	
5	-inf	1885608			Asterdroid	
5	-inf	1667236			Nerwosolek	
5	-inf	4307408			WinnerTakesAll	
5	-inf	321003			mixam85	
5	-inf	3910808			JayBeAl	
5	-inf	747081			shrum	
5	-inf	4123568			Ravnak98	
5	-inf	1024388			SamP	
5	-inf	3514820			Justin-Truong	
5	-inf	4375434			paintedlady	
5	-inf	4191192			shadowdeath	
5	-inf	2160802			Danpolo	
5	-inf	1487681			Fleund	
5	-inf	2390467			RevientaCerdos	
5	-inf	2390438			kote.cdz	
5	-inf	1544382			Ashargin	
5	-inf	2395414			JakenHerman	
5	-inf	2357262			MaorKachalon	
5	-inf	2249782			tokifuko	
5	-inf	588426			Jeff06	
5	-inf	2504712			Gandalf_	
5	-inf	1608197			Luun	
5	-inf	1957428			MrJacan	
5	-inf	1587324			wesserboy	
5	-inf	2525902			hauchipauchi	
5	-inf	1576567			jgisin	
5	-inf	2499001			WatchMeCalc	
5	-inf	1399852			Thaell	
5	-inf	1942723			Tomux	
5	-inf	591238			wolfnether	
4	9.41	783129	2433720	C#	Sookie	
4	9.41	4557825	3901586	Python3	OSSFF7	
4	7.24	4217776	3926348	C#	Thorbo	
4	5.04	2509374	2433317	C++	luisaltaje	
4	5.04	1787494	3907077	Javascript	Quixx	
4	5.01	4316297	3874078	Javascript	IroncladDev	
4	3.04	1830993	1742555	C#	jpcheck	
4	2.49	2433615	1837565	C#	Eastiling	
4	2.37	1787646	3120123	Python3	wognovice	
4	2.13	2269873	1746968	Java	FHanoun	
4	1.47	1469131	1744489	Javascript	incepator	
4	1.14	2495790	1748177	Java	Mexx62	
4	1.09	1140699	1742653	C++	AkinaYap	
3	17.82	3494857	3341058	Python3	Recovery_disaster	
3	17.8	817573	1876707	C++	Antmsu	
3	17.29	2193464	1772029	C#	m2bad4u	
3	16.69	3347074	2460242	C#	Elritanos	
3	16.56	1149814	1744390	C#	VladimirZD	
3	16.54	2457201	1832843	C	PuzzleDragon	
3	16.29	4421259	3757640	Python3	lynx12345	
3	16.17	3187336	2637145	Javascript	C6PO	
3	16.11	3958483	3083517	Python3	XXIT	
3	16.1	3509983	2508318	Java	Derbeon	
3	15.89	2829104	2139534	Javascript	Nikita_Kozub	
3	15.88	2401118	3000539	Python3	goore	
3	15.88	3095154	2210772	C++	Person93	
3	15.85	2447012	2199680	Python3	CodeOtaku	
3	15.79	3432180	3757634	C++	TestFon	
3	15.78	2243940	2495832	Python3	Revenge911	
3	15.71	2498643	1848125	C	danilop13	
3	15.7	3244861	2652021	Python3	0xecho	
3	15.61	1744697	2581100	Python3	SaniX	
3	15.6	2545748	2322817	Java	sybernatuz	
3	15.58	2555611	2747902	Python3	SpiderSas	
3	15.58	1427078	2211566	Java	ToshiTuringMachine	
3	15.57	1167980	1765799	Javascript	qoobus	
3	15.52	3734862	3000486	Python3	Codrin	
3	15.52	3341241	2358567	Python3	StevenJames1	
3	15.52	1680855	1836513	Python3	Manro	
3	15.51	3667465	2672775	C++	BestKest	
3	15.49	2084781	2142697	C	Fryll	
3	15.47	1414266	1768224	Python3	earthworm	
3	15.44	3102198	2214675	C++	Zslyer2000	
3	15.37	2566164	2651518	C++	YaBoiUff	
3	15.37	2510484	2214674	OCaml	MPSI-LIV_jesappelGrout	
3	15.31	773151	2623623	Java	HibouProfene	
3	15.29	2596450	2650515	C++	kalakutas	
3	15.29	814956	2633950	C++	kingofnumbers	
3	15.26	1478706	2599826	Python3	The-Dude	
3	15.25	2653332	2469217	Javascript	SunjiWa	
3	15.22	2131524	2126067	Java	C9Nobody	
3	15.21	1489609	1766188	Python3	SirGalahad	
3	15.19	3494301	3808957	Python3	CoreyCV	
3	15.13	3524981	2573096	Python3	AlexKirioshin	
3	15.11	2836252	2650528	C++	iziwin	
3	15.1	1784886	1765313	Javascript	iFightLegends	
3	15.09	3834058	2989529	Lua	TheDream	
3	15.09	3734861	2725442	Python3	theodor1289	
3	15.07	3219310	2260981	C#	Liovic	
3	15.04	3632564	2650720	C++	Rokaz	
3	15.01	1120988	1770402	Java	diutil	
3	14.97	3353015	3387636	Python3	Salted	
3	14.97	1678226	3803538	Go	Neoghost	
3	14.95	1059996	2702344	C#	Molybdene	
3	14.93	888746	3158338	Python3	Phate	
3	14.9	3653937	2668546	C++	XzoReverb	
3	14.88	2492955	1771291	Javascript	Tm1	
3	14.85	3020707	2230762	C++	yannch	
3	14.8	3943605	3073494	Python3	Ruebe92	
3	14.8	3937932	3177261	TypeScript	OnTheBrink	
3	14.76	1538417	1843299	C++	Pez3mo	
3	14.76	1724778	1870895	C#	nevpont	
3	14.75	759179	1747393	Python3	meng	
3	14.73	3866882	3050988	Python3	crystal_prince	
3	14.72	1664528	3074790	Python3	intervlan	
3	14.68	2156856	2573094	C	Architektor	
3	14.68	1284747	1751413	Python3	mr-push	
3	14.66	3808031	3034404	Python3	_proton	
3	14.66	2763877	1971196	Python3	nvarner	
3	14.66	2410235	1771699	C#	Joe_Black	
3	14.65	4136749	3384891	Java	Aguedoom	
3	14.61	1390789	2456979	Python3	Matthieu.L	
3	14.56	3973359	3502900	Python3	KAbel	
3	14.53	1879432	1845314	C++	slymas	
3	14.53	3576678	2678021	Javascript	camiloacosta	
3	14.47	1295026	3709126	Python3	Cartosses	
3	14.47	2479703	1759924	Python3	MichaelDeRoos	
3	14.41	4018953	3156136	Python3	zTTK	
3	14.41	2836378	2671956	C++	Audrius159	
3	14.39	807124	1746660	Python3	Destromath	
3	14.39	1647535	1743154	Java	MattBac	
3	14.37	516788	1884358	Javascript	QuentinFerry	
3	14.35	416894	1824816	C++	MeDev	
3	14.32	1498311	1742754	Python3	Classick	
3	14.31	1069541	1770791	Go	jhanni	
3	14.31	2519324	1765803	C#	Taitoune	
3	14.29	335954	3530080	Java	nmahoude	
3	14.27	4544417	3960627	C	DeltaChad	
3	14.26	1316809	1743149	PHP	Totoka	
3	14.26	2579977	1832769	Python	Monbeat	
3	14.26	2463079	1744742	C#	XCS	
3	14.24	1387149	2981170	C++	daisyo	
3	14.22	1859759	1779288	Java	johnthemarksman	
3	14.2	2508635	3357193	Java	hemhel	
3	14.19	2725604	2127198	Java	ErkanUnfresh	
3	14.18	1902810	1743268	Python3	xZwop	
3	14.16	1470927	3799806	Python3	ClementAvenel	
3	14.08	2484570	1758867	Java	AnthonyLB	
3	14.07	2325449	3327016	Perl	otpv	
3	13.99	2108583	1747766	Python3	KillFire	
3	13.98	4040124	3561394	Python3	Bycop	
3	13.94	1599489	1745227	C++	rafftyl	
3	13.92	614215	3852315	Kotlin	Jo	
3	13.92	4075986	3336184	Python3	Babadude	
3	13.89	2514203	1760294	C++	robobooga	
3	13.89	4316320	3841625	Python3	pcruz	
3	13.85	4571059	3920245	C++	tomek112358	
3	13.82	1169499	1765798	C++	naab	
3	13.72	4586444	3959238	Python3	Pisele	
3	13.71	2713197	1953705	Python3	dahpr0gam3r	
3	13.69	3643623	2650766	C++	martisBU	
3	13.62	3156706	3965886	Go	ktotam	
3	13.6	4307407	3526084	Swift	Domytor	
3	13.47	2528402	1762791	Java	blank....	
3	13.43	4544418	3976136	C	AlphaChad	
3	13.29	4544431	3976134	C	OmegaChad	
3	13.24	4307406	3526118	Swift	AndyMawson42	
3	13.08	4284388	3911476	Python3	seymo5	
3	12.44	4276652	3523422	C++	pshemke	
3	12.37	527749	3174007	Go	Pds	
3	12.14	4039794	3899110	Python3	Codeab	
3	11.61	2879108	2650533	C++	Stepson	
3	11.34	4591216	3895751	Python3	Kazulhu	
3	11.3	2300507	1778367	Javascript	kmaitski	
3	11.25	1466631	1746535	Python3	Akrib	
3	11.22	886234	1935978	C#	Harkle	
3	11.16	3871406	3022142	Javascript	DepressoExpresso	
3	11.12	795321	1845984	Java	berthy424	
3	11.09	2513259	1757529	Javascript	max30272	
3	11.07	1048882	1743406	Javascript	Ogee	
3	11.07	2703613	1953701	Java	YifanZhu	
3	11.05	3130244	2508274	Python3	Zimiio	
3	11.02	3201097	2306531	Java	smcbot_TEST	
3	11.01	2490070	2628405	Java	MC-PMC	
3	10.97	3672898	2678587	C++	ignas.kunickas	
3	10.95	855824	1852023	Python3	VoxMortem	
3	10.92	335327	1743388	Java	Spike	
3	10.84	3653905	2997323	C++	Benhha	
3	10.83	1076352	1747645	C++	Ki-hyeokYoon	
3	10.82	3480880	3146388	C#	Mellyn	
3	10.8	2205222	3033580	C++	SirBlueFlamingo	
3	10.8	2742674	2082656	C#	JacobGreenslade	
3	10.8	2579751	2594036	C#	Effarek	
3	10.74	1404934	3467367	Rust	tarriel	
3	10.71	4291170	3894788	Python3	khnarr	
3	10.65	3321766	2336879	Python3	AllTheKingsMen	
3	10.64	3787419	3702509	Python3	Thyl	
3	10.64	2012586	1876930	Javascript	ShOoRi	
3	10.63	3477977	2683803	Python3	Coder1005	
3	10.62	1449025	1744386	Javascript	Renegade	
3	10.61	1462635	2345133	C++	nerigardu	
3	10.6	1949696	1771382	C#	Snoresville	
3	10.59	2354059	1751843	Java	ObviousTroll	
3	10.57	2380031	2849189	Python3	sixelA	
3	10.48	4105182	3859843	Python3	DovydasBucas	
3	10.45	3568411	2690146	C++	NaltasBigeris	
3	10.36	2434901	1745261	C++	pikrua	
3	10.33	3503868	2689805	C++	taiiiika	
3	10.31	3501080	2660466	C++	zaibas_makvynas	
3	10.25	4061750	3351477	Kotlin	dStulle	
3	10.2	3500852	2660477	C++	Vytis55	
3	10.16	3382452	2438750	C++	e186308	
3	10.14	975057	3052607	Python3	LeoTigers	
3	10.04	3144403	2310124	Python3	hugoLaugier	
3	10	2007262	2327594	Java	Larnth	
3	9.98	1083946	1765506	Ruby	Lomig	
3	9.96	1608179	1753073	Javascript	Sombody	
3	9.96	2165932	3052625	C++	Ellison	
3	9.94	2802349	3034785	Java	MZA-PL	
3	9.83	3066193	2325038	Java	Zoff	
3	9.79	3584582	2672091	C++	Sostakas	
3	9.75	3595275	2699772	C++	Kajelis	
3	9.72	2068632	3777535	Python3	PedroMMPereira	
3	9.37	2327967	1742332	Ruby	Karocyt	
3	9.28	3434457	3850824	Python3	grape	
3	8.85	813412	2189846	C#	datiti	
3	8.84	1162034	2441007	C	krakeusz	
3	8.51	1206537	2325039	C++	MadKnight	
3	8.48	2525904	1751099	C#	LordOrion	
3	8.25	961929	3348541	C++	Marcaunon	
3	7.08	1863849	3925941	C#	Peglo	
3	7.07	1311521	1776226	C#	dbzadnen	
3	6.95	1447603	1748455	Python3	Komit	
3	5.98	3279089	2460237	Python3	TheNewBlood	
3	5.85	1542429	1749701	C++	ChuaMehMehQiYang	
3	5.57	4002254	3462021	C++	PlanetSuburbia	
3	5.17	2688693	2000104	Go	Catagami	
3	5.14	3542943	2695826	C++	Arabas	
3	5.14	4072753	3677310	C++	mdstoy	
3	4.65	1932868	1842298	Python3	Tehelka	
3	4.65	3542940	2695805	C++	Japonas	
3	4.37	1457642	2659859	C#	Muumiankka	
3	4.16	1717962	1898683	Javascript	Angryshark	
3	4.11	2369003	1745925	C#	dreamora	
3	4.06	992765	1741308	C#	Walkalot	
3	3.88	1721526	1846703	Kotlin	rm-zzz	
3	3.71	1375637	2047482	Python3	thibaut77	
3	3.64	1389861	2508494	Java	Evgenykz3	
3	1.13	2833118	2494954	Python3	Adepec	
3	1.08	1427648	1745507	Python	Relin	
3	1.04	1409657	1742850	C#	HJD	
3	1.03	2505548	1743262	Java	Hoxst	
3	1.03	3775369	3348537	C++	umesh007	
3	0.99	2727498	1957008	Javascript	Vilvalas	
3	0.96	1876212	1741830	Python3	PFischbeck	
3	0.93	4331188	3834146	Java	the_mighty_fox	
3	0.92	2314761	1898682	Rust	Leudz	
3	0.88	3925832	3429438	C++	Maxim251	
3	0.81	2517057	3348539	C++	Edds	
3	0.72	3309767	2348268	Pascal	DualisT	
3	0.71	3486541	2507973	C#	TheKraken	
3	0.66	2171878	1746466	Scala	Louis_ZA	
3	0.6	2453289	1770406	C++	Aiyel	
3	0.6	3884325	3417093	Java	Leafslash02	
3	0.44	2019633	2424490	C++	ludolover	
3	0	2543667	1771670	C	deuigst	
3	-0.37	1222783	1754362	Java	Calaom	
3	-1.45	4702517	3981281	C#	Alexiush	
3	-1.74	1242027	2695731	C++	ILIkeTrees	
3	-10.43	3568094	2689809	C++	Arminas_Valtorius	
3	-11.06	2921599	3025790	TypeScript	Rinoweb	
3	-12	911777	2431760	C#	MasakiKyosuke	
3	-12.7	1879134	1874773	Python	Mennimoor	
3	-13.03	1096274	2138360	C#	DrBrask	
3	-13.06	2520971	1846836	C++	KbsadeKdi	
3	-13.51	2156974	1752730	Python3	Shrekouille	
2	16.34	1473079	3983141	Javascript	Zylar	
2	7.29	4069593	3684182	Python3	NeAlyssa	
2	7.22	925956	3441818	C++	Rentus	
2	3.71	523846	1740992	C#	Palmipedus	
2	3.55	2178794	3084115	Ruby	Unihedron	
2	3.55	2479781	1750210	Java	AndiSwiss	
2	3.55	1712648	1749729	Java	luckyy	
2	3.55	1987512	2053941	C#	FreexXx	
2	3.55	3367086	2441048	Javascript	Startom	
2	3.53	894260	2699506	Python3	breizhGeek	
2	2.47	3352992	3526136	Javascript	c0ndu17	
2	1.11	1518287	2324808	C++	Vladorf	
2	-1.51	4377614	3757627	Python3	blooket142857	
2	-2.28	2509674	1740887	C++	AnaIsabelHernandezBarrera	
2	-8.31	4237801	3520213	Javascript	LukeRyanDev	
2	-8.38	3420134	3458435	Python3	KelvinAndHubbles	
2	-9.44	3563052	2620926	C++	Lykor	
1	1.61	2258103	3383196	Javascript	Jennypatrick	
1	1.2	1546633	3052561	Javascript	duskyshelf	
1	-3.14	1849062	3383859	Python3	AnkitAnand_12	
1	-3.14	2191100	3417079	Java	PEENMASTER	
1	-3.14	1993004	3400485	C#	olivR	
1	-3.14	2521652	3417078	C#	PANZO	
1	-3.14	1875472	3400483	F#	BillBert	
1	-3.19	2982931	3410688	Java	MoerrisWall	
1	-3.42	2386407	3417080	Javascript	FERNANDOJIMENEZ	
1	-4.33	3853270	3383860	C#	alibagamaev	
1	-4.79	2618330	3417081	C++	4rx	
1	-5.48	2555066	3383861	C++	dyc3	
1	-6.26	4022119	3372203	C++	Souh99	
1	-6.78	1771241	3372183	Go	ByteKiller	
1	-7.1	2913627	3372184	C++	GalaxyOwl4	
1	-7.81	2870754	3410687	Python3	Athanatos	
1	-16.2	4281792	3518941	Python3	YorkParodie	
0	13.31	974670	3435441	Groovy	Kamikater2	
0	10.73	154935	3004998	Scala	yamo	
0	9.06	3245233	3915917	Python3	Flasssh_	
0	8.74	3845610	3700874	Python3	pardouin	
0	8.53	3354337	3450309	C++	Mrs.GloriaZindlebocker	
0	8.51	2801000	2032169	C++	demoPilot	
0	8.5	4264690	3514193	Python3	hofangman	
0	8.41	2021071	1875471	OCaml	Bltxd	
0	8.28	4024230	3982216	Java	raye	
0	8.19	2393376	1779791	C++	Pirafu	
0	8.14	3783962	3015858	C++	Mohsen1365ir	
0	8.14	918352	1865108	Python3	CoYoTe99	
0	8.14	2325553	1815861	Javascript	JuanArenas	
0	8.14	2897325	2579568	Python3	CAEZAR	
0	8.14	2538180	1853491	Python3	Guaxinim	
0	8.13	1698683	1779702	Java	JujuBassist	
0	8.13	4097765	3345957	C	daedaeNdasiy	
0	8.11	2558123	1769654	Javascript	Dalivitone	
0	8.1	4223709	3457978	Java	LearnerDuck	
0	8.09	4626700	3955761	PHP	JohnyDarecek	
0	8.09	3464590	3012258	C	abbecool	
0	8.09	2942999	3428738	Python3	ChapiM	
0	8.08	3627342	3107891	C#	Zuabros	
0	8.07	2612889	2055260	C#	Symphonia	
0	8.05	484004	3516679	Python3	aCat	
0	8.04	1675720	1748718	C	AxFab	
0	8.01	3768412	3973043	Python3	calebharrison	
0	8	4173372	3443356	Python3	0_1337_KD3R	
0	7.99	2696966	2110086	Java	Bobifri	
0	7.98	1386032	1776489	Java	Houssem_201	
0	7.96	4247111	3476927	Javascript	joshau	
0	7.95	2923079	2119502	Python3	Code_Lister	
0	7.93	4180481	3422362	Python3	Guy_Levinger	
0	7.91	937221	2495942	Java	vrampal	
0	7.9	354788	3677236	C++	Lexer31	
0	7.9	3738308	2843845	Javascript	sgbd	
0	7.9	1881651	1828098	Python3	DoubtinGiyov	
0	7.86	2520291	1743419	Java	Compal	
0	7.82	1073604	1889999	C#	speedFast	
0	7.82	2713608	2026587	C#	LostSymphony	
0	7.82	2462453	2034789	C#	Konamiruku	
0	7.81	4237562	3475889	Python3	AY09	
0	7.79	2463653	1761230	C++	sak0909	
0	7.75	3738137	2847762	Python3	NaVin	
0	7.75	1969405	1744287	C++	yha	
0	7.74	2133361	1753300	Python3	VadimKuznetsov1	
0	7.72	1085149	1744428	Java	Shala	
0	7.69	2155737	1743172	C#	Z3RP	
0	7.68	1390607	1748484	Ruby	Ivan_Derzhylo	
0	7.68	221210	1764457	Python3	sdeseille	
0	7.68	1503941	1743489	C#	LuChanfen	
0	7.67	2066751	1846213	C#	AndresPerez	
0	7.66	1477622	1741310	C#	zrdon	
0	7.66	2414979	1751590	VB.NET	mr.crab	
0	7.65	1251131	1754754	C#	ma81xx	
0	7.62	2507615	1909827	OCaml	MPSI-LIV_Izmar	
0	7.38	3308418	3740324	Python3	Utkarsh554	
0	6.87	1013463	1759229	Python3	Lachrymosa	
0	6.8	1800997	3760661	Python3	Nagato_Uzumaki	
0	6.72	236902	2313737	C++	Tryum	
0	6.71	1362802	1747414	Javascript	Orlandi	
0	3.26	2512705	1770867	Swift	awesomeFencer	
0	3.25	1717345	2061864	Scala	kotobotov	
0	-4.78	4679017	3967926	Python3	Fairyjeez	
0	-5.03	2115840	3683028	C#	GIveMeYourCode	
0	-5.88	1950105	3493030	C++	nazgath	
0	-6.25	1246479	2697767	Java	Bastien_Baloup	
0	-6.39	4135555	3383858	Python3	JetNoLi	
0	-6.93	4032211	3341675	Python3	artmyros	
0	-8.22	2643826	1875932	Python3	LeoB	
