League	Score	UserID	AgentID	Lang	Pseudo	#multi,count=3314,time=2021-04-02 02:33:45
6	31.15	1049935	2653256	C++	Azkellas	
6	30.64	1607522	1886979	C++	RoboStac	
6	28.82	735910	1886983	C++	Agade	
6	28.34	736075	2502754	C++	Xyze	
6	27.29	1818159	1886984	C++	JRFerguson	
6	27	1479930	2653880	C++	LeRenard	
6	26.84	3862476	3048449	C++	Toster256	
6	26.49	1772240	2140156	C++	Wazabis	
6	26.16	2386035	2090647	Java	Samsonov	
6	25.36	341112	2056255	Java	Sladix	
6	24.93	3775369	2889159	Java	umesh007	
6	24.56	154984	2633718	C++	_Royale	
6	24.51	1106450	1886977	C++	RiSuS	
6	24.49	2006324	1886978	Java	SihardeOussama	
6	24.39	3622757	3039145	Java	anid	
6	24.33	1629259	2238437	C++	Marchete	
6	24.32	2043908	2234502	Java	AntiSquid	
6	24.29	3076654	3038687	Python3	bonebone	
6	24.09	3076711	3168352	Java	Sceurpien	
6	23.98	1606614	2138812	C++	Wazaa	
6	23.49	2522090	1886986	C#	MSmits	
6	23.32	1845617	2304921	Kotlin	Shingyx	
6	23.04	359096	3168353	Java	Skyloro	
6	22.99	1372349	1886988	Java	NinjaDoggy	
6	22.99	4168438	3412168	Java	Aoeuid	
6	22.96	3649510	3125553	Java	TheMaskie	
6	22.95	3363565	2663828	Java	BloodRayne	
6	22.68	1354295	3052367	Java	AbdullahKhawer	
6	22.45	1489865	1886981	C++	EricSMSO	
6	22.35	3689286	2692185	Java	CedricML	
6	21.77	1487392	1887290	Kotlin	Razielwar	
6	21.76	4023121	3145310	Java	Zanoshky	
6	21.28	893541	2713397	Java	wala	
6	20.62	1757536	1886980	Python3	BlueGhost31	
6	20.17	1480501	1942292	Java	DaFish	
6	19.94	1500515	1886985	C#	eulerscheZahl	
6	19.39	154312	2613151	Java	ThomasNicoullaud	
6	18.54	2647140	3048279	Ruby	nisizawa	
6	18.07	1341520	2631823	Java	egaetan	
6	18.05	1127783	3048280	Python3	zouzou	
6	18.02	1673512	1886976	C++	Ryoken	
6	16.96	1059313	3070584	C++	_SERGE_	
6	16.76	1902840	2633678	C	mechatronick	
6	16.22	2263101	2633677	C#	Rewolf	
6	15.89	820000	2633647	C++	ValGrowth	
6	14.58	1869024	2237998	Java	Xa2017	
5	27.64	3973359	3443810	Java	KAbel	
5	27.34	754792	2057885	C++	Ramdeath	
5	26.31	1890185	2055342	C++	num	
5	24.94	3740498	3006102	TypeScript	TODO_Slytherin	
5	24.75	1983336	1932837	C++	Tiutens	
5	24.4	3922325	3070692	C++	Degalat	
5	24.35	153683	1876827	Java	40R15T3	
5	23.54	3808031	3027616	Java	_proton	
5	23.53	928567	2339045	C++	Konstanta	
5	23.53	2906497	3064890	C++	daaskare	
5	23.33	1855741	1942946	Kotlin	MrKIP	
5	23.33	3718653	3008260	Javascript	invi2k	
5	23.32	1347650	1876848	C++	T-Dup	
5	23.3	912633	1933842	C#	Poviliukas	
5	23.23	3427526	2480843	Python3	remi2257	
5	22.88	2173864	2653899	Python3	Chimera	
5	22.73	351062	2049267	C++	Neumann	
5	22.72	1853956	1876851	PHP	yoannk	
5	22.66	3594888	2654562	Python3	neymar_	
5	22.52	841085	1876840	C#	Risen	
5	22.26	1676711	1876813	Java	Eeeval	
5	22.26	1931039	1887149	C#	MooMooN	
5	22.25	2786666	3075464	C++	TetraktysPhi	
5	22.25	2946738	2654561	Python3	The_winter_soldier	
5	22.18	2450542	2341537	C++	MindController	
5	22.14	1407621	1934990	C++	Taohbi	
5	22.1	3544276	2603454	Python3	nidup	
5	22	1333869	1885718	Python3	kiwijam	
5	21.98	2470677	1876825	Java	Goujon	
5	21.97	153030	2455520	C++	joH	
5	21.91	2179805	2654560	Python3	_La_Pulga	
5	21.82	1836058	2150566	Javascript	SeebOmega	
5	21.82	3239151	2330054	C#	Tanorion	
5	21.79	2512601	2017767	Python3	Sibwara	
5	21.74	1756952	1881854	C++	Petras	
5	21.71	1945936	1876846	Python	Spacerouquin	
5	21.7	3621136	2690059	Python3	MichaelPu	
5	21.69	3718668	3002464	Javascript	yanonymous	
5	21.67	1792429	1876803	Java	Wildum	
5	21.64	2913725	2654898	Python3	SherlockTD	
5	21.61	1671658	2036356	C++	Kirbiby	
5	21.49	568476	1876872	Java	Dje54	
5	21.47	3964625	3107259	Python3	hypocrite	
5	21.46	2571540	2677162	Java	Nagatwin	
5	21.34	2480130	1931454	Python3	USaGiSaIKoU	
5	21.25	2489304	1955282	C#	Yawp	
5	21.23	3715831	3164584	C#	UQ-LELE	
5	21.15	2605855	3127385	Python3	logiqub	
5	21.1	2288263	2068013	Java	dbdr	
5	20.99	232528	1877894	C++	cegprakash	
5	20.92	3072951	2204758	Python3	Riddiel	
5	20.9	2643470	1887747	C++	Kaunas	
5	20.65	1724778	1945240	C#	nevpont	
5	20.65	1034635	1876833	C++	SlyB	
5	20.63	1944142	1877112	C#	yakalir	
5	20.61	1480384	1876856	C++	RockyMullet	
5	20.58	1841269	3173565	PHP	Ser-Fazer	
5	20.46	1491995	1887659	C#	Tyir	
5	20.32	1515891	1876804	Kotlin	ndc	
5	20.11	1304841	1940834	Java	NitMpez	
5	19.98	1759839	2307326	Python3	matleg	
5	19.94	1109979	2603391	C#	Gloopy	
5	19.85	2434370	2090885	Javascript	OscarKK	
5	19.78	3196818	2617902	C++	tomreddle	
5	19.64	938714	1876834	C++	Kristijonas	
5	19.52	1093968	3144291	C++	milosMATRIXrepic	
5	19.44	3455804	3149485	Javascript	D0SD3	
5	19.4	4154326	3428522	Go	montplusa	
5	19.39	1238934	1876843	C++	accorp	
5	19.33	869239	1907730	C++	Vingte	
5	19.28	805067	1876810	C++	Magus	
5	19.27	2434893	1888608	Clojure	cdurbin	
5	19.21	2521394	1935731	Kotlin	FrankR	
5	19.18	3468458	2674366	C#	Temba	
5	19.18	2566623	2612769	PHP	VincentBab	
5	19.15	3713473	3438026	Javascript	Sacrilegious	
5	19.08	815488	2062707	Java	Seti	
5	18.77	3630437	2646172	Python3	Dominik123	
5	18.66	1193679	2265685	Python3	Icebox	
5	18.64	1163546	2430261	C#	Pyou	
5	18.62	2990918	2404046	Javascript	Dingodino	
5	18.6	970443	2259295	C++	Ak_va_man	
5	18.58	1734105	1876822	Python3	Bibou	
5	18.55	1169264	2354743	Java	moarrrr	
5	18.55	3320403	3007219	TypeScript	94F85B4F	
5	18.5	2238146	2201121	Java	stem	
5	18.45	1294909	1876860	Java	Priscus	
5	18.41	3255204	2331472	Java	Gah	
5	18.34	3615203	3157883	Javascript	sayelr	
5	18.33	1455753	2289959	Python3	Lysk	
5	18.32	3344746	3003462	Java	Piopio	
5	18.29	1407720	1876884	Python3	bananaMixer	
5	18.25	512097	1877177	Haskell	Stilgart	
5	18.23	1978108	2705861	Python3	Valkilaen	
5	18.23	1525831	1877895	Python3	ntsd	
5	18.09	1310366	1976997	Java	jojo67	
5	18.08	1082988	1938076	C++	Saelyos	
5	18.07	1186250	2261478	Python3	Gabbek	
5	18.03	2007852	1937026	Go	Zorg1	
5	18.02	1288527	1899826	C	Snef	
5	17.9	335954	1876863	Java	nmahoude	
5	17.9	1386924	1876874	Javascript	Ylec	
5	17.86	198916	1876873	Java	WhatTrickeryIsThis	
5	17.85	1792532	2061378	C#	Zanbez	
5	17.82	1740037	1877891	Scala	ereiam	
5	17.8	1204522	1964856	Python	llllllllll	
5	17.8	849999	1900012	Java	Moez	
5	17.78	1495488	2651090	Python3	5160d	
5	17.77	3331888	2607760	Javascript	LuizChagas	
5	17.76	1719632	2111412	C++	k.v	
5	17.73	1077559	1876807	Java	PhOeNyX	
5	17.68	2488298	2651091	C#	wfournier	
5	17.65	1743393	3027330	C#	Yudzhin	
5	17.63	1788945	2267426	Python3	FabienDaniel	
5	17.63	2416641	2311401	Groovy	Zenoscave	
5	17.6	1816783	2993346	C#	NightLuna	
5	17.59	2458172	2339876	C++	CodingCaptain	
5	17.4	1948029	1937025	Python3	matscube	
5	17.37	3680749	3168194	C#	pivchik	
5	17.36	973040	2676230	C	papyjo	
5	17.28	1201796	2671737	C#	P.Greze	
5	17.25	2485037	2617794	Java	Delta_D	
5	17.23	2455573	1889004	C++	LSMUG_test	
5	17.23	1443538	1878495	Java	Gevater_Tod4711	
5	17.21	1528274	1964855	Ruby	BlanCap	
5	17.12	1404292	1942709	C	PawelK	
5	17.1	2924895	2613294	C	trictrac	
5	17.1	1114834	2430678	Python3	k4ng0u	
5	17.09	972894	1964853	Python	resty-daze	
5	17.06	1854246	1882499	C++	Counterbalance	
5	17.04	1987751	2404675	C++	ruu	
5	17	1631057	1877896	Python3	Pask	
5	16.98	1125115	1876852	C#	RafaelSan	
5	16.97	3580569	2663762	C#	FIT_genius	
5	16.95	3703918	3153398	C#	inuyasha	
5	16.82	788361	1877570	C++	Bob	
5	16.82	1783604	1876829	C	Vry	
5	16.79	1634607	2198923	Python3	Taraxicum	
5	16.77	2109780	2120146	C++	ChaudCoLaTeen	
5	16.77	2463909	2906509	Java	ckobayashi	
5	16.75	1520360	1876870	C++	Ten0	
5	16.7	3574688	2611159	Scala	RaulButuc	
5	16.7	1845872	2663761	Java	Ethaniel	
5	16.69	2360690	1877529	Python3	Galrauch	
5	16.67	1194069	2110187	Java	Redstrike	
5	16.57	802171	1878544	PHP	Merome	
5	16.43	3354668	2616261	Python3	DimSumSaying	
5	16.43	1572888	1876883	Python3	DirtyHarry	
5	16.41	2985761	3156540	C++	haikalizz	
5	16.4	2133361	2331293	C#	VadimKuznetsov1	
5	16.33	1482988	2688138	Java	shinedday	
5	16.26	1307473	3152911	C#	Evgenykz	
5	16.17	4018953	3195241	C#	zTTK	
5	16.15	1528055	3127384	C++	YannBeuc	
5	16.15	3413813	3125538	Java	Hvosten	
5	16.07	1335230	1887311	Java	jft63	
5	16.04	3556318	3152835	C#	TheMythicMango	
5	15.98	2341005	1888951	C#	Crispy23	
5	15.87	943556	3153529	C++	DollarAkshay	
5	15.85	2233676	1964852	Python3	cleanrock	
5	15.79	3380514	2435041	Java	DFrese	
5	15.78	1158238	2331292	Python3	Veka	
5	15.7	1060181	2092719	Ruby	Dabou	
5	15.67	3756021	3126444	Java	TheSkolar	
5	15.62	2480109	3027328	C++	Madao_Edge	
5	15.59	3003292	2652784	Python3	Avandale	
5	15.41	1829569	1932838	C++	[0___0]	
5	15.23	3341241	3153528	C++	StevenJames1	
5	15.1	3755755	3153121	C#	AAhmed9	
5	14.96	1759335	2201120	C#	metahom	
5	14.61	1770280	3448352	C#	Maxboyer	
5	14.48	3621064	2654339	Python3	Lozober	
5	14.45	2480135	3027329	C++	Guan-Ying	
5	14.3	4142307	3448351	Python3	Editsira	
5	13.97	2572485	2674473	Ruby	DGynn	
5	13.96	3346560	3003901	TypeScript	isoborneol	
5	13.92	2110350	3126774	Javascript	EgorKluch	
5	13.34	1664044	2092788	Python3	BUG	
5	12.86	2092746	2230440	Python3	donjo	
5	12.64	1458246	2439052	Ruby	Httpsx	
5	9.85	1802967	1877318	Python	Meruem	
5	6.74	2453008	3093959	Java	Crypticsy	
5	2.44	1964298	3136641	Python3	tobakudan	
5	2.2	735487	1889416	Java	amurushkin	
5	-1.58	886483	1876880	ObjectiveC	R4N4R4M4	
5	-1.59	563069	2331367	Scala	Darkris	
5	-1.59	1824376	1876853	Python	Kodle	
5	-1.6	1404941	1876809	C++	Rexou	
5	-1.6	2158902	1876821	Scala	Snowbart	
5	-1.62	2938898	2654105	Python3	Aa123456	
5	-1.69	2055005	2652779	Bash	_Azke	
4	22.42	1931824	2324254	Java	Litops	
4	21.7	1617480	2058520	Python3	CptCrispy	
4	21.35	3054071	2308550	Python3	Filosofix	
4	21.25	1123581	3453098	Java	Luksis	
4	21.08	1825989	3152484	Python3	GanjaMan420	
4	20.98	3958314	3263259	PHP	NicoDeug	
4	20.66	335335	3168726	Kotlin	Eldritch	
4	20.66	3776530	2989838	Python3	Insufficient	
4	20.53	2835276	2076758	C#	Ido_Daisuke	
4	20.49	2480120	1912185	C++	40647034S	
4	20.38	1879134	3065255	Python3	Mennimoor	
4	20.22	3229231	2612524	Java	user4565675443	
4	20.2	3996809	3146184	Kotlin	VizGhar	
4	20.2	1870609	3410995	C#	cyrusgp	
4	20.19	2532317	1910934	C++	Ivylin	
4	20.18	3549260	3430276	C#	LoanVar	
4	20.17	2625928	3359947	C#	LiberLeo	
4	20.07	230015	3121800	Java	Kolo9	
4	19.88	1854639	1870469	PHP	iDxMeG	
4	19.74	1779093	2334689	Java	bates	
4	19.7	3447519	2474183	Javascript	WarLeader	
4	19.69	3812960	2988114	Rust	bot-1	
4	19.63	1620749	2349242	Python	knightmare555	
4	19.45	1046623	1870489	Java	the_pins	
4	19.41	2077458	1870420	Python3	Ragi	
4	19.38	1244740	2464515	Python3	Tenos	
4	19.35	4213045	3481335	Python3	ShadowKat	
4	19.29	992329	1932779	C++	BeeGee	
4	19.09	1483234	2084529	Python3	jbl	
4	19.02	1277940	1875511	Java	Reiten	
4	19	3666409	2727468	Java	J0sh	
4	18.96	3492840	2500590	Javascript	stormKx18	
4	18.96	3228589	2770825	Java	MaximePRZ	
4	18.92	2398206	1870414	Java	stone43	
4	18.92	840468	3129324	Javascript	Skflowne	
4	18.9	1173137	1870459	C++	chouetz	
4	18.74	3267738	2434121	C#	Skellcoder	
4	18.71	3945266	3145790	Javascript	jamessizeland	
4	18.66	828239	1938034	C#	[SG]Bisou	
4	18.65	1436776	2603854	C++	BrainSolver	
4	18.63	2590149	1877690	Python3	GoofyGas	
4	18.59	2386059	2050152	Javascript	Alphik	
4	18.59	1687754	1885675	Java	cg123	
4	18.58	1360294	2051908	C#	otk	
4	18.51	917370	2980672	C++	Gwi	
4	18.46	2525274	3388517	C#	ledainbrice	
4	18.45	1607251	2996137	Javascript	baboulaf	
4	18.32	792813	1933010	Python3	VilBoub	
4	18.28	2107217	3303280	C++	Oh-Maley	
4	18.27	1371420	1885890	Rust	FerrusDude	
4	18.19	2155687	1870405	Kotlin	NilsTheWizzard	
4	18.19	1140677	1921706	C++	Crog	
4	18.19	321003	2070399	Python3	mixam85	
4	18.14	2948040	2414332	Python3	Pouyou	
4	18.13	2463986	2324255	C++	Apocrypha	
4	18.12	2644587	3145789	Ruby	Fl4sh	
4	18.11	1932868	1876772	Python3	Tehelka	
4	18.1	533238	2076757	Python3	Pr3toria	
4	17.98	2119347	1940550	C++	rsk_chaos	
4	17.96	1944726	1874208	C++	bourgeof	
4	17.95	1881651	1870410	Python3	Alligard	
4	17.9	2055377	1879440	Python3	Covfefe	
4	17.89	490588	2048153	Python3	Uljahn	
4	17.88	3919185	3134967	Java	Marcel10	
4	17.86	2545568	2351825	PHP	alingex	
4	17.84	3998318	3134966	C#	ludopant	
4	17.81	1050490	1871183	C++	Snark_Chaser	
4	17.78	1001096	2409651	C#	MyIIone	
4	17.78	3568175	2719936	Python3	Hontor	
4	17.73	1584802	2355024	Python3	emh	
4	17.69	3235897	2620670	Java	Zylo	
4	17.68	2523117	3459763	C#	AlexN2102	
4	17.64	257832	1876729	C++	BlaiseEbuth	
4	17.61	1768304	1874676	Python3	Manu306	
4	17.58	889789	1870896	C	Alain-Delpuch	
4	17.56	1420817	2647539	Javascript	TheMagicShop	
4	17.5	2401888	1870394	Python3	RubberDuck	
4	17.46	2912059	2192647	C++	DODRO35	
4	17.45	2259761	3025978	Python3	ReborN	
4	17.45	1542277	2579254	C#	ROARd	
4	17.4	1600779	2230382	C#	AustinSpafford	
4	17.25	2233179	1878803	Python3	Samsa	
4	17.23	2242201	2627837	C++	Maryan	
4	17.23	3502478	2723526	Kotlin	tachan	
4	17.23	1799001	3154760	Python3	eddernstein	
4	17.22	1347645	1870483	Java	Wick3d	
4	17.2	1512611	1870544	Java	Essigautomat	
4	17.2	1872557	3152399	Go	FinkPloyd	
4	17.19	1061242	3352125	Go	Csipcsirip	
4	17.17	1314316	2209312	Python3	jolindien	
4	17.15	1679204	1870366	Python3	Jaidy	
4	17.13	1830625	2070634	C#	-Rutger-	
4	17.13	3425929	2458799	C++	perrinod	
4	17.09	155091	1970320	Java	smeagol	
4	16.9	833115	1870753	PHP	VSLourenco	
4	16.87	650661	1870461	Ruby	Syro	
4	16.8	1241062	2234133	Java	jbs	
4	16.77	1461866	2318009	Java	Spacebird1313	
4	16.74	1815583	1870686	C++	HarderTilt	
4	16.53	1753077	2083324	C++	codingWhale	
4	16.5	1991836	1870377	C#	qbit86	
4	16.46	3722197	3465136	Python3	La_Dig	
4	16.44	2074414	3132769	Python3	Lecerf	
4	16.4	2644468	2483145	Python3	Schizzle	
4	16.31	808454	2334597	C#	.EagleDawn.	
4	16.2	2093395	1941462	C#	VadimKuznetsov	
4	16.19	2131873	2996425	Java	Jan_Hattenklein	
4	16.19	2382054	2358554	Java	jsimoes	
4	16.13	1480640	2418355	C#	snodes	
4	16.08	3373137	2465635	Python3	realize	
4	15.96	371603	2076756	Ruby	martin	
4	15.83	4162939	3413751	Python3	WookieWarlord	
4	15.8	2455616	2065721	Java	JeanClaude44	
4	15.8	1071140	1877413	C#	BeberLeNewbie	
4	15.75	1434515	2609598	C++	scor-A	
4	15.54	939530	1870416	Java	Jahz	
4	15.52	2069141	1950256	C#	tomeko	
4	15.41	1883153	1870430	C++	Zoidb3rg	
4	15.39	155774	2489961	C++	dwarfie	
4	15.37	2867405	3442593	Python3	Hilly	
4	15.37	2994979	2996037	C#	NinaneCharles	
4	15.34	1330431	1871574	Javascript	TzeKin	
4	15.32	2005105	1870685	PHP	Fred51	
4	15.19	881037	2434147	Java	Amadeuszx	
4	15.12	2003111	1870749	PHP	Krikolo	
4	15.11	1490383	2595494	C++	arkwaw	
4	15.1	1978863	2318299	Python3	h4o	
4	15.08	282701	3147124	C++	MarcelBrouette	
4	15.03	2750479	2705830	C++	-XraY-	
4	14.97	1751467	2413588	Python3	Une_Vachette_du_31	
4	14.93	1399382	3168149	C#	Regulus136	
4	14.78	1431687	1870899	Java	Gollinator	
4	14.55	1329263	2458789	C++	Mihai_	
4	14.24	2800214	3477630	Javascript	tashman01	
4	14.24	1926967	1870458	PHP	Stanworld	
4	14.13	1162034	2075774	C++	krakeusz	
4	13.98	1519989	1878088	Python3	a5kin	
4	13.9	1229845	2349238	Java	Jipe	
4	13.84	1728288	3339952	C#	MOLP	
4	13.68	1713174	2633773	Python3	BigUP	
4	13.64	3518133	2630791	Java	GaetR	
4	13.43	1314796	2349239	C++	JBence	
4	13.4	1616071	1870491	Java	Cyberpunk	
4	13.35	1062509	2336604	Java	Xavier_Kress	
4	13.26	904209	3441860	Java	Myrtille44	
4	13.05	1547267	2349241	C	Wariie12	
4	12.55	2885992	3477631	C++	Gandalf42	
4	12.51	1440207	2349240	Python3	Rungekutta	
4	12.25	2108962	3145896	Python3	DeveauP	
4	10.86	2490008	2576403	Python3	ebicochineal	
4	10.64	4213851	3472628	Java	Gastus	
4	9.55	3076371	2844024	C++	Eucerin	
4	9.12	3774856	2993807	Python3	_O-MEGA	
4	8.36	1160663	2467618	Javascript	DanielLacht	
4	0.86	2762653	2307949	Scala	RAAAT	
4	0.69	2537185	2323915	VB.NET	Swedgy	
4	0.62	2073179	2456347	Scala	Biwere	
4	-2.69	2405889	2355025	Scala	Saivo	
4	-7.41	1509238	1878169	Rust	Cosmo	
3	28.72	854169	1877306	C++	Silmaen	
3	28.27	897547	2832033	C#	Layfown	
3	27.76	2536589	2507252	Java	mjfcolas	
3	27.6	2480126	1916964	C++	Zhao	
3	27.41	1498163	2477030	Java	Ben-oit	
3	27.24	558107	2143420	C++	rudkoo	
3	27.21	2316796	2078090	PHP	Psio	
3	27.03	3060683	2217825	Python3	Shadaia	
3	26.91	1571621	2489003	PHP	rjmcdona	
3	26.74	1223140	1943357	Kotlin	kgautron	
3	26.69	2546443	2140221	Python3	AlexanderK	
3	26.49	3982472	3148768	Java	Cousnouf	
3	26.48	2481965	1917177	C++	jameslu	
3	26.28	1484839	1862263	Perl	sparky	
3	26.24	977290	1934758	Python3	Darklighter	
3	26.21	2683988	2629338	Java	Neoris	
3	26.2	1161312	2222301	Java	snowkk	
3	26.12	825049	1868178	Java	Scheronimus	
3	26.08	3439872	3364581	Python3	xdcomrade	
3	26.05	1166639	3106947	Python3	hostage112	
3	26.04	3842278	3174170	Python3	hem123	
3	25.99	1694898	1873991	Python3	tcchiang	
3	25.98	1555765	1865420	C#	DewJunkie	
3	25.96	1575342	1866437	C++	T7ung	
3	25.94	2575019	1861127	PHP	gabriel2combe	
3	25.94	3068472	2203273	C++	Teh	
3	25.92	1449433	1971105	C++	Rolf	
3	25.92	3736557	2847803	VB.NET	samBoutch	
3	25.9	859803	1860922	C#	stauik	
3	25.85	4180659	3435198	TypeScript	abrman	
3	25.83	2560231	3432932	Python3	NouFuS	
3	25.81	4051352	3456384	C++	Rate01	
3	25.8	2526322	1880107	Java	fhemsworth	
3	25.79	2140455	2049720	Lua	Lord_Binary	
3	25.78	2137697	1872218	Python3	MartinZ	
3	25.76	2970996	3116687	Java	Cookie_Wookie_7	
3	25.73	2802157	2256625	Python3	HKit	
3	25.73	1727322	2836182	Python3	pyjama	
3	25.7	1171469	1867903	Java	Reblochon	
3	25.68	3518158	2631789	Java	RonanGui	
3	25.61	969000	1872703	Javascript	KB	
3	25.61	3573721	2628593	Java	Kheops	
3	25.53	3937932	3066835	TypeScript	OnTheBrink	
3	25.48	1442923	2440545	Ruby	nzdjb	
3	25.43	2973592	3363306	C#	EJtheMaster	
3	25.42	153774	1861144	C++	cocoche007	
3	25.34	1045710	2055159	Javascript	KPricorn	
3	25.32	1997622	3018325	Python3	Ra777	
3	25.32	1863064	3025805	Kotlin	SBNTT	
3	25.24	734401	1870600	C++	b0n5a1	
3	25.09	2128759	1933954	Haskell	Hjulle	
3	25.03	2480154	1917132	C++	_Link_	
3	24.95	2767523	2592115	Python3	yannOrhon	
3	24.9	2952263	2129228	Python3	RenSuzaku	
3	24.84	2656118	1937555	Python3	yanamal	
3	24.79	1075260	1934384	Java	metwesse	
3	24.74	3608589	2633714	Java	Sp0re	
3	24.74	1902767	3111271	TypeScript	Kenny92	
3	24.71	3766290	3021001	Javascript	xineohp	
3	24.46	3197936	3437483	C	Kiseli	
3	24.43	3474151	2487965	Ruby	lambda_t	
3	24.43	1569420	2995321	Python3	Tuo	
3	24.41	2480121	1928327	C++	jimmywu	
3	24.37	614215	2737491	Java	Jo	
3	24.31	1655844	2688497	C#	CodeMaster_Micojr	
3	24.27	926167	2633584	C++	Hunyadix	
3	24.22	3513846	2893881	Python3	sagalovsky	
3	24.07	1029602	1964758	C	Potemkine	
3	24.06	3710815	3171466	C++	iwioi	
3	23.94	3317583	2341906	Python3	Mjo	
3	23.94	3770928	2834794	C++	ku-haku	
3	23.89	3689751	2690370	TypeScript	Eru_Ryuszaki	
3	23.89	2116737	1944779	Java	Meddee	
3	23.82	3404747	3026704	Java	Yaanaa	
3	23.81	2051334	1868827	C++	Dwarth	
3	23.79	957334	2129651	Java	Dam	
3	23.77	3718613	3008104	TypeScript	Johnsen	
3	23.74	1457162	1875571	C++	JFB	
3	23.73	925695	2305191	OCaml	Boulet	
3	23.71	1442879	2440646	Javascript	InsaneWookie	
3	23.7	1066745	2575841	Java	DepartmentOfRedundancy	
3	23.69	1994294	1889296	C#	Samer	
3	23.68	992961	1867010	Java	EasyAsPai	
3	23.68	3712845	2704210	Java	origabay	
3	23.68	3446473	2496404	Javascript	proprofondo	
3	23.67	2897668	3328181	Python3	Breital	
3	23.67	3429829	2463532	PHP	totoffff	
3	23.65	3740577	3008284	TypeScript	DumbBullDoors	
3	23.64	1624708	3337787	Kotlin	lifran	
3	23.64	933456	2212372	C#	Oran	
3	23.63	3428974	2785644	Python3	BartWelling	
3	23.61	2521626	2646654	Java	Rylox	
3	23.59	156188	2985478	Javascript	DorianWilde	
3	23.59	1060019	1882689	Python3	thyshimrod	
3	23.59	3812273	3227076	C	Jabberwocky733	
3	23.59	837350	1957201	Go	BorisZ	
3	23.58	3016830	2599636	Javascript	Doubrixel	
3	23.58	2571774	1870499	Java	Kannely	
3	23.58	275620	1873922	C++	M.C.L.	
3	23.57	2108531	2284080	C#	Abso	
3	23.57	1177795	2090608	Go	Slash-Dev	
3	23.57	1442896	2440694	Javascript	Rubbisherman	
3	23.57	347029	1863237	Go	Kevapo	
3	23.55	3346469	3007144	TypeScript	Razupaltuff	
3	23.55	1588135	2252993	Swift	bjurner	
3	23.52	4106096	3385282	Python3	Gaspa	
3	23.51	1209562	1872244	C++	JohnnyYuge	
3	23.51	2579909	3043269	C++	Valentin271	
3	23.5	2796216	2048245	Python3	Ritharn	
3	23.49	4082523	3389705	Python3	CarltonBanks	
3	23.48	228904	2676155	C#	Regan	
3	23.47	3657937	3398087	Python3	elderlybeginner	
3	23.44	1743344	1906654	Javascript	ush189	
3	23.43	3817169	3129729	Python3	Knowbody	
3	23.42	2672932	3379490	Rust	Lanfeust	
3	23.42	2115491	2651813	Javascript	Haashi	
3	23.42	1581157	2605744	C++	kurmis	
3	23.42	1579627	2062867	C#	Bahrani	
3	23.4	1483304	1869129	C++	Nefex	
3	23.39	3141339	2235662	Python3	Crabby	
3	23.37	2555066	2421881	Python3	dyc3	
3	23.35	1282167	2099533	Python3	Spaceninja	
3	23.35	3770485	3054072	C++	zakki	
3	23.34	4001089	3122571	C++	n00req	
3	23.33	3896939	3241752	Python3	MrChocSalmon	
3	23.33	2508635	2343928	Java	hemhel	
3	23.33	1855354	2460519	Python3	KiwiTae	
3	23.25	3432489	2464884	PHP	Rhayader	
3	23.24	1415878	2476981	Scala	roman-roman	
3	23.22	2482615	2822131	Scala	Zenobia	
3	23.19	2898023	2237193	Python3	mrowa	
3	23.14	3327027	2343417	Python3	Ton7on	
3	23.14	4184000	3464247	Python3	VannHell	
3	23.13	3760956	3023302	C++	GeekNbOne	
3	23.12	3718693	3007211	TypeScript	ArneBanane	
3	23.12	3524000	3464150	Python3	depthzer0	
3	23.11	3105160	2250257	Java	valentinwmtz	
3	23.11	1950660	2195925	Java	wfkdbchjkkjroenj	
3	23.1	2480114	1916232	C++	BeePunch	
3	23.08	993630	2069946	Python3	WVN	
3	23.03	3861502	3019101	Javascript	BullaDor	
3	23	835387	2308517	Java	Arcx	
3	23	3903473	3336672	Python3	Konstant	
3	23	4011124	3439278	C++	Ariste_j	
3	22.98	3046608	2234043	C#	BotWerx	
3	22.97	3794826	2848259	Java	yucky7643	
3	22.96	3775656	2835477	Python3	Folichon	
3	22.93	1205995	2594501	C#	KarlH	
3	22.92	1207862	2204371	Java	wirlwind44	
3	22.9	3431596	2459670	Python3	Flo22	
3	22.9	1402518	2258347	Java	PinkiePool	
3	22.86	3406987	3191899	Python3	Radu_Sav	
3	22.85	2122087	1870910	Python3	RENZOU	
3	22.83	3432028	2489307	Javascript	blu_fish	
3	22.83	2845787	2078826	C#	Bluesheep	
3	22.82	704875	2307064	C#	XaY	
3	22.82	1507057	2651547	Python3	[HUN]Banyaib	
3	22.8	3046029	2177470	Javascript	Skel	
3	22.78	1337394	2845677	Python3	--cha--	
3	22.77	1439354	2635930	Python3	hvuhsg	
3	22.77	952796	3431384	C++	CodingTurtle	
3	22.77	3985393	3113594	C#	knght	
3	22.73	1838549	3457533	Kotlin	orangesnowfox	
3	22.73	3226448	2975096	Python3	tobk	
3	22.7	4030696	3160962	TypeScript	msfe	
3	22.67	2480153	1889887	C++	yourGrandma	
3	22.65	1305374	2356750	C#	Frankich	
3	22.6	2093060	1861065	Python3	OursDesCavernes	
3	22.59	2120082	2346386	C#	Grishnakh	
3	22.59	2715508	2022422	Python3	Anth	
3	22.59	2794529	2025883	PHP	merdoyant	
3	22.58	914013	1863654	Python3	HexTree	
3	22.55	2923475	2184624	C#	Trist0214	
3	22.54	262688	2345126	C#	CortexSuperior	
3	22.53	2104815	2331554	Python3	MaTMaT	
3	22.52	2188450	2503960	C++	PomPoz	
3	22.51	3980404	3101552	C#	SpectraIl	
3	22.51	3522147	2992779	Javascript	Gotham	
3	22.51	3010654	2219845	Javascript	Taghurei	
3	22.46	2626104	3332924	Java	LogicalKip	
3	22.45	1557915	2677103	Javascript	dtd	
3	22.43	1113432	1863335	Java	ThierryC	
3	22.42	1703014	2681612	Python3	LV_up	
3	22.4	2662460	1887282	Javascript	Gamli	
3	22.39	2397599	1861101	Python3	dukemarty	
3	22.37	2138984	3113026	Python3	jobegood	
3	22.37	3614084	2634546	Javascript	vseow	
3	22.36	1701043	1867801	C++	Qnu	
3	22.34	2117160	3007247	TypeScript	Waterpumpee	
3	22.33	3779670	2841819	C++	fvla	
3	22.33	3101644	2432808	Java	HerrHagner	
3	22.33	227687	1901760	Javascript	Johanny	
3	22.29	1390227	2009656	Javascript	scorbiere	
3	22.28	3294304	2357293	C#	Nelenii	
3	22.2	938553	1936353	Javascript	TcodingT	
3	22.2	2480164	1885893	C++	Howard123	
3	22.19	2329349	2606900	Javascript	HeeSunKim	
3	22.19	1172405	2677081	Python3	Chrisvossetje	
3	21.99	2636264	1867303	Python3	mattdeal	
3	21.96	2641660	2995596	C++	Felix93	
3	21.88	1464932	1935629	Java	Tiramon	
3	21.85	827741	2709756	Java	MuineXD	
3	21.79	1185187	1872163	Java	gamerOfThrons	
3	21.77	1803811	1943960	C	TabascoEye	
3	21.7	3189153	2504191	Java	Klaatu	
3	21.68	2914114	2096403	Javascript	canda	
3	21.57	2592367	2101607	C#	Jokero	
3	21.49	3274049	2320262	Python3	Tarleya	
3	21.47	3389108	2440696	Javascript	HaydenNZ	
3	21.46	828213	1860547	Go	anst	
3	21.44	944365	2282094	C++	thomas.colibert	
3	21.44	1611699	3117748	Java	EpiFlop	
3	21.43	2999053	2333400	C#	Barnet	
3	21.41	2212845	2327025	C#	EricB85	
3	21.41	3533569	2609738	Python3	CaribouDuDesert	
3	21.4	2242985	1940861	C#	Keve1991	
3	21.4	2791444	2203536	PHP	JonSlug	
3	21.39	2451652	1880046	Java	code_of_the_dead	
3	21.38	157377	1938741	Python3	McKelian	
3	21.37	2061249	2590546	C++	delisea	
3	21.29	3916357	3164014	TypeScript	BenCo_	
3	21.26	3026548	2183485	Python3	numbermaniac	
3	21.17	1336138	1970992	Python3	wyrdoe	
3	21.15	1179357	2095805	Javascript	avdg	
3	21.15	2387233	1870620	C#	SinOfWrath	
3	21.14	664164	3090380	TypeScript	Jeako	
3	21.14	1573471	2151418	C#	decompiled	
3	21.13	2719883	1954607	Java	tho1294	
3	21.13	3603031	3466096	C++	IHI	
3	21.11	1903031	1861337	Python3	hard-coded	
3	21.09	3555227	2684249	Python3	amaotone	
3	21.09	3576761	3046840	Python3	Ahjit	
3	21.08	1814485	1861607	C#	Fluttershy	
3	21.08	2923506	2578853	C++	darkhorse64	
3	21.08	2849131	2083323	Python	MarKamui	
3	21.07	1369177	2325961	C#	PernicN	
3	21.05	1537951	3401184	Java	Nerchio	
3	21.02	551895	2629991	Go	Daluc	
3	21.01	659935	2337714	Kotlin	Melman	
3	21.01	3434013	3361748	Python3	Romil	
3	21	155887	1955862	Javascript	BanBan	
3	20.96	1895182	1871037	Javascript	Jean_Francois_R	
3	20.83	2897518	2246803	Python3	puzzleplayerdx	
3	20.78	2577017	3080196	Javascript	CreepyCrawly	
3	20.73	1411735	2316992	Ruby	lordaniel	
3	20.71	1828329	2400049	C++	Speedphoenix	
3	20.7	2353603	1902359	Pascal	MrSok	
3	20.66	1317264	2996591	Python3	Manny42	
3	20.65	2255187	2073459	PHP	rom_02	
3	20.62	2266514	2210465	Python3	loisTHS	
3	20.61	3564009	2600490	Lua	Waffle3z	
3	20.6	2480127	1903997	C++	Xu-Kuan	
3	20.56	721943	2462521	Python3	dbourasseau	
3	20.55	1481693	1860976	C++	KAIn	
3	20.55	2463507	1877604	C++	Vakema	
3	20.54	3908843	3060582	C++	xd15zhn	
3	20.51	3426168	2462780	Python3	UnDay	
3	20.51	3026079	2235146	C#	Evorlor	
3	20.49	4077996	3318137	Python3	Amabaku	
3	20.49	3097587	2213971	Python3	Pietrak	
3	20.49	153957	2337853	C#	JeremyV	
3	20.49	1848081	2079415	C#	Matthieu.B	
3	20.46	3031924	2702256	Python3	Kassout	
3	20.43	1813469	1918204	Go	RandomLogic	
3	20.43	2050195	2322936	Javascript	eklore	
3	20.38	1740560	2470386	Python3	Beb77	
3	20.37	3634864	2646601	Python3	Jakub_Rojek	
3	20.36	2178052	2654287	Python3	NeonRift	
3	20.36	1351763	1870041	Ruby	gatto	
3	20.36	2660470	2448801	Java	Perdur	
3	20.35	4022435	3145767	Python3	Timothee1997	
3	20.34	2914171	2683590	Python3	breizhgeekjunior	
3	20.34	1214539	2665387	Python3	Jambzee	
3	20.31	1913525	1860912	C++	Drus_O	
3	20.31	1172385	2678769	C#	LuckyMe	
3	20.23	2480146	1916981	C++	Claire-Liu	
3	20.22	1478706	2585865	Python3	The-Dude	
3	20.21	2397787	3379424	Perl	BenLeGob	
3	20.21	1336780	2462236	C++	SergejA	
3	20.19	3320096	2336154	Swift	afilipowicz	
3	20.18	3772452	2989940	Go	thibaut_bremand	
3	20.17	3096316	2430322	C#	Raymund0	
3	20.17	1511326	2632889	C#	Zaphire	
3	20.09	165671	3114554	Python3	[CG]cyppan	
3	20.08	2663957	2892108	C++	MarcelZieba	
3	20.08	1353795	1861244	Javascript	TheCrucial	
3	20.08	1629402	1885201	Haskell	asvyazin	
3	20.06	2173677	1874160	Python3	Raubtaube	
3	20.05	1477622	1952629	C#	zrdon	
3	20.03	2017805	3367981	Python3	Winter_not_comming	
3	20.02	2575431	2059043	Python3	Kyubi	
3	19.98	1992560	1878311	Python3	pusiux	
3	19.98	3135677	3171208	C#	mohamed25	
3	19.94	3073020	3140126	Java	_francois_	
3	19.84	2765655	2604317	C#	El_Mono_Sin_Sombra	
3	19.83	2442182	3101542	C#	Kojesma	
3	19.82	2157922	2050260	Python3	cylon86	
3	19.82	2714519	1948149	Python3	pangeland	
3	19.82	1582011	2161825	Python3	cryp	
3	19.81	2719604	2575676	Python3	vpoulailleau	
3	19.8	1596929	1941274	Kotlin	DonRobo	
3	19.78	3626925	2661858	Python3	Adrian_Piniek	
3	19.77	2680190	1908913	Python3	brarrow	
3	19.75	938796	2665260	C++	Cyrilus64	
3	19.73	2128920	2652881	Python3	BishBash	
3	19.71	1439408	1946468	C#	devart64	
3	19.7	1944579	2842058	Java	Vinland	
3	19.7	3401127	2440230	Javascript	Acroscope	
3	19.7	1103564	2439641	Python3	SiGm4	
3	19.7	2698546	2427195	Javascript	Eniotan	
3	19.68	2794638	2081479	Java	patrickm	
3	19.65	1348832	2136709	C#	AzatJalilov	
3	19.64	3382273	2666062	Python3	hasleron	
3	19.64	2066463	1885468	Java	chlebek	
3	19.63	2771439	3126209	C++	fixthegame	
3	19.63	1164384	2250863	Javascript	Hiroshimaru	
3	19.61	4039884	3329925	Pascal	mzbear	
3	19.59	3774045	2997549	Python3	MasterDuck	
3	19.59	233834	2266822	C++	Herumor	
3	19.57	1076716	2484569	Python3	OEtzi007	
3	19.55	2137708	2488757	Javascript	BrainConverter	
3	19.54	2578232	2421883	Java	Althias	
3	19.54	1675034	1867114	Javascript	francois	
3	19.52	1784315	2328714	Python3	VianneyN	
3	19.51	3177468	2248295	Python3	TheLegendaryToshiro	
3	19.51	2026088	2604944	Python3	Michelle01	
3	19.49	3572961	2608877	Kotlin	rasu	
3	19.48	2297753	1865608	Python3	Warly7692	
3	19.47	523185	2685457	Java	Hjax	
3	19.47	2057540	2133874	Java	liz22	
3	19.47	3520116	2572425	C#	poik007	
3	19.44	2243940	2496407	Python3	Revenge911	
3	19.44	3614281	2694341	Java	Vrok	
3	19.44	1396594	1941074	Javascript	aroy314	
3	19.43	3721214	3043874	Python3	jrke	
3	19.41	1407420	2340637	Java	kiril76	
3	19.41	813412	2629263	C#	datiti	
3	19.41	1669937	2248842	Kotlin	RomainD	
3	19.41	1634781	2337327	C++	O.lg.a	
3	19.39	3345777	3004273	TypeScript	MeowMeowMeow	
3	19.37	3513265	3078586	Javascript	DaNinja	
3	19.35	3435513	2462736	Java	bigpoopypants	
3	19.32	972917	3079912	Python3	norbi97	
3	19.3	3419066	2614886	Python3	xR3m1x	
3	19.27	3256614	2322736	Python3	FredL	
3	19.26	1786981	3033136	C++	Smaczny_Przem	
3	19.26	2004714	2250486	Scala	Rayho	
3	19.26	593099	2465440	Java	Maldo	
3	19.26	3158452	3064459	TypeScript	LeadBeetle	
3	19.25	1096274	1875616	C#	DrBrask	
3	19.25	3372922	2429755	C	Bazoukiwi	
3	19.25	3993588	3141789	Python3	hbgg	
3	19.25	2555611	2738661	Python3	SpiderSas	
3	19.23	1835014	2342423	C	Frits	
3	19.22	1442814	1875952	C++	MaxDer	
3	19.21	1833348	2647263	Python3	Jonathan.R	
3	19.19	2401975	3320312	C#	KeepCaIm	
3	19.19	1752303	2503840	C++	murrayr	
3	19.18	3255947	3463569	C#	sialino_florian	
3	19.18	2320530	1865037	Python3	Ferris	
3	19.15	1378958	1868405	C#	Illedan	
3	19.09	1216462	2737166	Python3	MartinVachovski	
3	19.05	2572045	3393712	PHP	Essort	
3	19.04	3944327	3076273	Ruby	Monsieur_Pook	
3	19.02	3656025	2662328	Python3	SStaniszewski	
3	19	3533119	2583865	Python3	wlesavo	
3	18.98	1937375	2430375	C#	Agito	
3	18.97	1838612	3428898	Rust	statiolake	
3	18.97	3914938	3124499	Javascript	ArthurDejaPris	
3	18.97	993184	1861230	C#	Marchelune	
3	18.95	2668212	1900917	C++	aisu170232	
3	18.9	1172955	3315948	Java	aabzac	
3	18.9	2252914	1875754	Python3	Malleek	
3	18.9	2646370	2436628	Python3	DenShlk	
3	18.89	3706129	2702315	PHP	MadmanInABox	
3	18.87	3444401	2476666	C#	Marcika	
3	18.86	2837654	2660937	Go	R2B2	
3	18.84	2923951	2103122	Python3	franchoy	
3	18.83	3901513	3061656	Java	baronB	
3	18.83	1734039	1871365	C	ProfJack	
3	18.82	2382159	1871016	Python3	Danrice	
3	18.81	2926847	2841840	C++	M99	
3	18.81	4132091	3467832	Python3	naunauyoh	
3	18.81	2400928	1861554	Python3	Gilsidoo	
3	18.8	3979353	3402835	Java	MrGG	
3	18.78	1953786	2481202	Python3	ludowsky	
3	18.77	858708	2487104	Java	zemounette	
3	18.76	4078086	3320857	Python3	Peperi	
3	18.76	2023965	2589379	Java	Tempomancer9934	
3	18.75	2897325	2209480	Python3	CAEZAR	
3	18.75	862919	2706113	C++	Astrobytes	
3	18.75	3059896	2225090	Python3	Kacper_98	
3	18.73	2648574	2022028	Java	CyrilMaitre	
3	18.73	2529602	2680810	Javascript	Farlox	
3	18.72	969381	2239834	Python3	FredVultor	
3	18.71	1462449	2411026	C++	wackadoodle	
3	18.71	4145194	3419737	F#	charnel_mouse	
3	18.71	1356390	2356825	C	Romain42	
3	18.7	2024033	2581739	C++	Suenodk	
3	18.69	4142186	3405001	Java	--Closer11--	
3	18.69	1283101	2323839	Python3	xtremx974	
3	18.66	1318207	2698903	C#	Liezz	
3	18.6	3583243	3371397	Java	eccsup	
3	18.58	3070067	3139241	Python3	ziolekmaciej	
3	18.56	2879372	3365934	Python3	Pableur	
3	18.52	2817085	2985033	Go	ostapneko	
3	18.49	3204946	2572454	Java	kbhi	
3	18.48	1103557	2347291	C#	JulienP	
3	18.39	3382685	2555625	Javascript	ivcho	
3	18.38	3398660	2440180	Java	JamesLiKitomba	
3	18.37	1134750	2425673	Javascript	DanielPetrovAI	
3	18.36	2893007	3381127	C#	EngiGames	
3	18.35	2202771	2429713	Java	Kaplone	
3	18.35	3524758	3018989	Python3	Deks	
3	18.35	1402968	2126182	Python	MMMAAANNN	
3	18.33	2892660	2820801	C#	bluebear	
3	18.33	2424312	1861861	C++	aeixovu	
3	18.28	2110342	2019422	Javascript	lchenay	
3	18.24	3563633	2646260	Javascript	p1100i	
3	18.22	2998967	3374847	TypeScript	K-Gilde	
3	18.21	2176877	1896183	C++	pasymows	
3	18.18	3647844	3386854	Python3	rc95401	
3	18.14	2155916	2634199	Python3	KingOfTomer	
3	18.12	2350846	1937874	C++	DrBloodmoney	
3	18.12	3430449	2457678	C#	SwenV	
3	18.11	3931840	3125141	Java	Patrick33	
3	18.05	3326645	2343463	Java	Scarletinked	
3	18.04	1427078	2214410	Java	ToshiTuringMachine	
3	18.02	3516429	2652745	Python3	ShayMichaeli	
3	17.99	1568785	1938136	C	Chalzy	
3	17.98	3621063	2636717	Python3	Goldberg-Alex	
3	17.97	2373953	3479362	TypeScript	Dridriun	
3	17.97	1492668	1971326	Java	MatthieuC	
3	17.92	888746	3323163	Python3	Phate	
3	17.92	2290633	2345625	Python3	field3	
3	17.87	2631277	3128240	Python3	AmirH.A.	
3	17.87	297557	3088384	C#	rwilson	
3	17.84	2480152	1904936	C++	Koc	
3	17.81	2613731	1868258	Python3	SafPlusPlus	
3	17.78	3373712	2435348	C#	SuperStrange	
3	17.75	3435179	2616159	Python3	Valphyr	
3	17.73	2968035	3079419	C++	DomiKo	
3	17.72	3948656	3103117	Java	Sly-Lam	
3	17.71	2545748	2321720	Java	sybernatuz	
3	17.7	3984901	3132420	Java	Qwary	
3	17.68	311035	3162620	Python3	leojean890	
3	17.68	1413763	3121466	Python3	Flat_Erick	
3	17.66	1645228	2691142	Kotlin	mnahkies	
3	17.65	1396756	2686424	C++	OMGJebz	
3	17.65	3933016	3070923	C	1501609820	
3	17.64	3806708	3144998	Python3	dougbyrne	
3	17.63	2480143	1912518	C++	40647010S	
3	17.63	1025638	2138419	Python3	TheRedHood	
3	17.61	911698	2587428	Python3	Krushak	
3	17.6	496941	2260602	Python3	Datenverlust	
3	17.57	3044372	2199477	C#	IniKo	
3	17.51	2715244	1942501	Python3	WallenJ	
3	17.5	2841964	2084423	C++	TerrMingAThor	
3	17.48	917052	2075862	C#	Esside	
3	17.48	1342663	1901019	Python3	JeromeFavrou	
3	17.46	2874079	2152505	Python3	hwp	
3	17.45	1630901	2676530	C++	Pand0re	
3	17.43	3774645	2986820	Javascript	LimaceHurlante	
3	17.42	1731211	1882856	Python3	fala	
3	17.42	2323725	2178256	Javascript	GMartigny	
3	17.41	3977468	3395318	C++	UnNkYm	
3	17.4	1487168	1870027	Bash	FatIvan	
3	17.39	1034499	2080228	Java	DOS	
3	17.39	1038359	2487441	Python	Ronnie147	
3	17.39	3817827	2997671	Go	optplx	
3	17.35	2193415	3138399	C++	Nerdspartan	
3	17.35	2729055	2049164	C++	twray2	
3	17.34	2656201	3400965	Python3	ThibaultRyt	
3	17.34	1671534	3059354	Python3	Azheelthorn	
3	17.33	3478377	2591450	C	Ironsolaris	
3	17.33	2143315	2644769	Python3	FluffyToaster	
3	17.33	999186	3063398	Kotlin	Bilgetz	
3	17.31	3625446	2642039	Go	f0r	
3	17.31	2784019	2197656	Python3	cryptoroot	
3	17.31	3956922	3085785	Javascript	emmagordon	
3	17.28	1481618	3386008	Java	Rahashizar	
3	17.25	1205152	2066532	C#	cfoll	
3	17.24	2375737	2106295	Java	j.magalhaes	
3	17.23	3863342	3477330	Python3	IGuessTheyWantAName	
3	17.22	1570610	2509256	Python3	Simplyzero	
3	17.2	1807733	3387141	Python3	NoZ-	
3	17.19	602078	2457730	Java	MowMow	
3	17.19	1782853	2465659	Python3	PIR3M	
3	17.17	2331333	3321457	PHP	Kylkanaan	
3	17.16	3574802	3120005	C++	Daxmawal	
3	17.15	3463384	2492131	Python3	KamilMistewicz	
3	17.13	2930500	2232859	Python3	Shiru	
3	17.1	1516975	2300113	Kotlin	TheBo	
3	17.09	1672961	3064889	Python3	AutoBarry	
3	17.09	3512820	2621061	Python3	AstroLeh	
3	17.07	1506762	2678348	Python3	the_real_lolo	
3	17.05	3552977	3016803	Python3	Altheae	
3	17.05	1788575	2649777	Python3	kylox	
3	17.04	3754548	2802999	Python3	mightymochi	
3	17.03	3715934	2748676	C#	Darkfang	
3	17.02	1706034	1955765	Python3	Patricia	
3	17.02	3668614	2672092	Python3	Zizos1	
3	17.01	1838289	1870633	C++	Dagal	
3	17	3622752	2647563	Python3	lazyDog	
3	17	2054901	2482800	C#	Doubleday	
3	17	2250452	2417084	Javascript	Isac	
3	17	2830729	2487877	Python3	qubits	
3	16.96	1095278	3001163	C#	MR23	
3	16.93	3565446	2646511	Python3	GamesterB	
3	16.92	3504584	2602270	C	ZXPlaner	
3	16.89	3535265	2647983	Python3	Szymusi	
3	16.88	2112782	2694471	Python3	spyk	
3	16.88	1412263	2230911	PHP	PatrickMcGinnisII	
3	16.85	1086214	1863925	Perl	bor	
3	16.85	225875	3114774	C#	leff	
3	16.81	1891787	2435087	Python3	Threyeth	
3	16.8	3127776	2692378	Python3	SuperHecht	
3	16.8	1108200	1870914	C++	MarkWyz	
3	16.78	1926718	1861952	Javascript	enoch-root	
3	16.78	1721663	1867355	C++	Melnyk	
3	16.78	226600	2689139	Javascript	[STG][2016]gori_j	
3	16.75	2973831	2200513	C#	Golfand	
3	16.75	314562	2069413	Javascript	Mechar	
3	16.75	3245822	2711013	Java	duuzis	
3	16.75	2345555	2318926	Python3	Schade	
3	16.75	2936179	2533851	Javascript	bobmcaleavey	
3	16.74	4025958	3152152	Javascript	BorisDP	
3	16.73	4168980	3453045	Python3	Alex92500	
3	16.73	1416686	1897478	C#	Avatar256	
3	16.73	854952	2044561	Java	dolmen1234	
3	16.71	2719009	2016338	Kotlin	Regnhunden	
3	16.69	3276670	2998949	TypeScript	yngknw	
3	16.68	1862435	3026648	Go	hunomina	
3	16.68	4133851	3385433	Python3	gagniou	
3	16.67	596425	3152412	C#	Gammel	
3	16.66	2749146	2033386	Python3	DoubleDOriginal	
3	16.66	814956	2487125	C++	kingofnumbers	
3	16.64	866450	3148519	Java	Bdan	
3	16.61	4166787	3413373	Lua	polill00	
3	16.6	3675420	2702258	Java	Willwater	
3	16.59	1464853	2412400	Java	WillNess	
3	16.59	2914184	2988161	C#	Kos-Boss	
3	16.56	2673038	1914645	Javascript	Zangdar1111	
3	16.55	1162999	2357304	Java	Vaekor	
3	16.55	1967256	2097923	Javascript	Ahm	
3	16.53	2960750	2408205	Java	vmmcg97	
3	16.44	2480132	1916953	C++	Ikaros1110	
3	16.43	2903283	2092956	Python3	Clement-Warneys	
3	16.42	3529323	3121448	Javascript	J-IN	
3	16.36	2550213	2355076	C#	hogehoge	
3	16.34	3421800	2466401	C#	Ackherst	
3	16.33	2694690	3360216	C++	Hafontalan	
3	16.3	3070281	3135756	Java	Alathreon	
3	16.24	1253664	1864547	Python3	Arinelle	
3	16.21	3985395	3112242	C#	Airfly	
3	16.19	922880	2069970	C#	Leshka	
3	16.18	3708533	3374085	C++	AmirArdroudi	
3	16.18	3641965	2659319	Python3	Aethis	
3	16.18	3561291	2610398	C++	Tortuga_Grande	
3	16.17	2926485	2116350	C++	DJUbradin	
3	16.16	3686887	2992477	Python3	R1FA	
3	16.13	3056251	2255482	PHP	CaptainBob	
3	16.12	1067673	2162502	C#	rsoares	
3	16.11	2829573	2128386	C#	Zwiebelkopf	
3	16.11	3549977	2672677	C++	hugo.cabral	
3	16.08	3143556	2596978	Python3	MatteoR	
3	16.08	1220859	3386660	Java	GAB	
3	16.06	890305	1877763	Java	Michel-L	
3	16.06	2421201	2508221	C	skoczekrs	
3	16.06	3373803	2424334	PHP	Fanfoi125	
3	16.05	3935864	3065223	Go	xept	
3	16.03	2687239	2121095	Go	Baltilius	
3	16.03	610416	3043039	C++	tekitouk	
3	16.02	1987512	1865396	C#	FreexXx	
3	16.01	2835016	2062157	C++	starkode	
3	16.01	3479827	2487311	C#	Gwain	
3	15.99	4084920	3342060	Java	Folluin	
3	15.96	1830713	2842360	Javascript	alsenda	
3	15.95	1899200	3322970	C++	Ellain	
3	15.95	1705689	1862479	Python	XanX3601	
3	15.91	3929941	3060814	Python3	andrew-paul-thompson	
3	15.91	3563934	3118059	C#	ChuckBartholomew	
3	15.89	3717270	2705881	C#	RChristensen174	
3	15.89	2480128	1884931	C++	AASB	
3	15.88	1495694	3112919	Python3	MisterJensen	
3	15.86	1737837	3000830	C++	eon704	
3	15.82	2809249	2221098	Python3	AnakinSkywanker	
3	15.8	3967960	3141343	Python3	Cyctemic	
3	15.79	3944367	3075865	TypeScript	reador23	
3	15.77	2270624	3421669	Python3	map71	
3	15.74	2371911	1963876	Javascript	ErwanGuillet	
3	15.7	4048434	3389097	TypeScript	JoneLeong	
3	15.68	1437254	2121256	C++	vordhosbn	
3	15.67	3913241	3047040	Python3	KevinLi-py	
3	15.67	2867436	2082377	Java	CyrilleGruszka	
3	15.67	3113276	3168511	C#	SimoneHu	
3	15.65	3699480	3044203	Python3	noah070502	
3	15.64	1552088	2999588	Python3	GraouKH	
3	15.64	3008449	2225155	Python3	Miki_xD	
3	15.64	1059355	3318419	C#	GrantWard	
3	15.63	3098364	2215436	Java	Erudo	
3	15.61	3404169	2452299	Java	rodrigoConceicao	
3	15.61	3665943	2683843	TypeScript	JoeyDevs	
3	15.61	1301401	2062840	C#	Stanax	
