League	Score	UserID	AgentID	Lang	Pseudo	#multi,count=1583,time=2022-07-28 00:30:09
6	30.72	2577687	2058383	C++	blasterpoard	
6	30.01	735910	2058382	C++	Agade	
6	29.84	854952	2194238	C++	dolmen1234	
6	28.83	1378958	4380900	C#	Illedan	
6	28.55	1500515	2058386	C#	eulerscheZahl	
6	28.21	3457031	4046379	C++	YurkovAS	
6	28.17	524638	2058379	C++	miklla	
6	27.89	1106450	2058381	C++	RiSuS	
6	27.7	4334077	3733790	C#	Paul_Demanze	
6	27.26	4395858	3783170	C#	SaidAouani	
6	27.23	1341520	2058375	C	egaetan	
6	27.21	154984	2058378	C++	_Royale	
6	27.08	815488	2068922	Java	Seti	
6	27.07	586565	2058523	C#	Dedoo	
6	27.05	2522090	3096083	C#	MSmits	
6	26.61	1629259	3749075	C++	Marchete	
6	26.54	2676203	2058879	C#	KonamiCode	
6	26.32	1824376	2058984	Python3	Kodle	
6	26.23	2968035	3102345	C++	DomiKo	
6	25.97	1756952	2058522	C++	Petras	
6	25.93	1607522	2058981	C++	RoboStac	
6	25.91	1114834	4403347	C++	k4ng0u	
6	25.89	893541	3104223	Java	wala	
6	25.88	1671658	2071328	C++	Kirbiby	
6	25.88	2765655	3987044	C#	El_Mono_Sin_Sombra	
6	25.56	3918583	4059257	Rust	mikmak	
6	25.49	1314316	2080197	C++	jolindien	
6	25.43	1757792	2091612	Java	oreshnik	
6	25.33	1333727	2058377	C++	mai	
6	25.13	416762	2058988	Javascript	Khao	
6	24.44	1869024	2237946	Java	Xa2017	
6	24.04	820000	2105163	C++	ValGrowth	
6	23.99	1034635	2058982	C++	SlyB	
6	23.99	841085	2060579	C#	Risen	
6	23.96	295729	2457346	C++	webalorn	
6	23.93	3533119	3951992	C++	wlesavo	
6	23.92	754792	3106277	C++	Ramdeath	
6	23.64	1333869	2091764	Python3	kiwijam	
6	23.51	1487392	2100775	Java	Razielwar	
6	23.36	1802967	3108248	Python3	Meruem	
6	23.22	1632368	3951671	C++	olphe	
6	23.14	2455573	2662728	C++	LSMUG_test	
6	23.14	2288263	3092696	Java	dbdr	
6	22.77	886483	2662563	ObjectiveC	R4N4R4M4	
6	22.55	1022925	2091613	C++	Adrien.	
6	21.97	805067	2103005	C++	Magus	
6	21.89	1194069	2457317	Java	Redstrike	
6	21.65	1407720	3101620	Python3	bananaMixer	
6	18.76	928567	2103023	C++	Konstanta	
6	16.14	2924895	3527133	C++	trictrac	
6	7.33	1741196	2058525	C++	Valdemar	
6	1.71	2006324	2058384	C#	Djangonaut	
6	1.7	1664044	2094876	C#	BUG	
6	1.69	2073179	2058380	C#	Biwere	
5	28.37	1829568	2051997	C++	KimOlegan	
5	27.82	1271096	2151006	C#	Trolg	
5	26.98	977290	3841232	Python3	Darklighter	
5	26.66	1353669	2052091	Python3	XAnimaX	
5	26.26	1481544	2052081	C++	ZarthaxX	
5	25.97	1944142	2117661	Python3	yakalir	
5	25.91	523185	3126198	Java	Hjax	
5	25.86	335954	2058921	Java	nmahoude	
5	25.62	2351282	2052053	C++	TrebledJ	
5	25.32	1109979	2603396	Python3	Gloopy	
5	25.31	2662709	2060533	Python3	dead_man	
5	25.13	1304841	2052013	Java	NitMpez	
5	25.09	2671862	2064186	C#	Daramant	
5	25.03	1480501	2415224	C++	DaFish	
5	24.82	1816783	2052012	C#	NightLuna	
5	24.7	1416686	2052868	C#	Avatar256	
5	24.66	2311105	3101248	C++	kovi	
5	24.56	1464932	2058857	Java	Tiramon	
5	24.55	2590474	2059650	Python3	LMaximus	
5	24.53	1480384	2052071	C++	RockyMullet	
5	24.52	828239	2052015	C#	[SG]Sebastien	
5	24.49	1864870	2052021	C++	SiR_Jonny	
5	24.46	1757536	4280712	Python3	BlueGhost31	
5	24.4	2684388	3664151	C++	he_____he	
5	24.39	992329	2052059	C++	BeeGee	
5	24.38	1853956	2051985	PHP	yoannk	
5	24.31	1944726	3094237	C++	bourgeof	
5	24.18	2373953	3101268	TypeScript	Dridriun	
5	24.17	1330431	2052058	Javascript	TzeKin	
5	24.12	1831684	2051987	Java	dbf	
5	23.79	1173137	2052055	C++	chouetz	
5	23.76	1754295	2052063	Java	SF	
5	23.72	155881	2790615	PHP	Hevey	
5	23.71	735487	3092978	C++	amurushkin	
5	23.68	2683085	2051990	C#	estoev	
5	23.44	837350	2052074	Go	BorisZ	
5	23.25	2613730	2052083	C#	ElToby	
5	23.24	3235897	2741596	Java	Zylo	
5	23.01	2470677	2059316	C++	Goujon	
5	22.87	1537951	3100791	Java	Nerchio	
5	22.79	2575431	2052084	Python3	Kyubi	
5	22.49	1477355	3093094	C++	Ysoft	
5	22.49	1814485	2052061	C#	Fluttershy	
5	22.48	198916	2052092	Java	WhatTrickeryIsThis	
5	22.36	2590149	2052073	Python3	GoofyGas	
5	22.26	1673512	2052097	C++	Ryoken	
5	22.24	833250	2052048	C#	TechName	
5	22.21	4447108	3780321	C#	MonkeyFeathers	
5	22.19	153683	2052052	Java	40R15T3	
5	22.17	1335230	2062984	Java	jft63	
5	22.13	490588	2051984	Python3	Uljahn	
5	22.1	1724778	2052038	C#	nevpont	
5	22.05	937878	2304401	C++	nyashiki	
5	22.03	1443538	2052093	Java	Tux4711	
5	22.03	311035	4375587	Python3	leojean890	
5	21.85	1167615	2052064	C#	TylerDurden	
5	21.8	2386035	3101280	Python3	Samsonov	
5	21.69	1498163	2052082	Java	Ben-oit	
5	21.67	1894833	2052043	Python3	Rimailleur	
5	21.56	1455753	2052070	C++	Lysk	
5	21.55	1077559	3343080	Java	PhOeNyX	
5	21.53	1479930	3098835	C++	LeRenard	
5	21.52	1487168	2052072	Bash	FatIvan	
5	21.5	1862482	2051996	C#	Arebs	
5	21.5	2155687	2051995	Kotlin	NilsTheWizzard	
5	21.49	1854246	2058554	C++	Counterbalance	
5	21.44	1093968	3129732	C++	milosMATRIXrepic	
5	21.43	1489865	2052032	C++	EricSMSO	
5	21.31	2641712	3026303	C	Scarlatine	
5	21.29	1152991	4068374	C#	xoposhiy	
5	21.21	1059313	2060699	C++	_SERGE_	
5	21.1	3925061	3107688	Python3	TwT	
5	21.02	1759839	2052860	Python3	matleg	
5	21.01	2669810	2052068	C#	Anto_Gl	
5	20.97	4524755	3851225	Python3	facanferff7	
5	20.96	2631926	2052042	C++	beekeeperkeeper	
5	20.93	1399382	2052143	C#	Regulus136	
5	20.91	2406605	3096599	Python3	docri	
5	20.88	3842838	3099401	TypeScript	Streusel	
5	20.86	2233676	2140426	Python3	cleanrock	
5	20.84	3319855	2502943	C#	Drobor	
5	20.83	4343255	3687313	C++	ankurpauldev	
5	20.82	1566335	2982797	Python3	BeardedWhale	
5	20.82	1049935	2052016	C++	Azkellas	
5	20.8	2572485	2052859	Ruby	DGynn	
5	20.78	1438953	2677347	C++	aljen	
5	20.78	512097	2052037	Haskell	Stilgart	
5	20.75	2290633	3092887	C#	field3	
5	20.75	2436448	2052866	Java	FrancoisMeme	
5	20.66	256955	3099796	C++	cup_of_tea	
5	20.65	2578232	2352520	Java	Althias	
5	20.65	1904813	2068707	Java	Myldero	
5	20.63	2463909	2051994	Java	ckobayashi	
5	20.62	1747292	2242754	Swift	CodeReaper	
5	20.59	3226448	3696913	Kotlin	tobk	
5	20.57	1572888	2052865	Python3	DirtyHarry	
5	20.54	2064511	3169174	Java	Semenyutenko_Andrey	
5	20.53	3774856	2984056	C++	_O-MEGA	
5	20.51	1631358	2052543	Haskell	joelthelion	
5	20.51	1731211	3095847	Python3	fala	
5	20.49	3150053	3878666	C++	HarveyGW	
5	20.42	156188	2052008	PHP	DorianWilde	
5	20.4	2447012	2214786	Go	CodeOtaku	
5	20.38	1756760	2349205	Go	Routable	
5	20.36	4008340	3469243	Go	Shawnny	
5	20.36	1830625	3831924	C#	-Rutger-	
5	20.35	2453008	3101914	Python3	Crypticsy	
5	20.34	1071140	2052001	C#	BeberLeNewbie	
5	20.2	1616071	2091425	Java	Cyberpunk	
5	20.15	4866848	4218090	C++	Need1s2killu	
5	20.14	2090434	3109795	Java	natrian	
5	20.13	2458742	2062680	Javascript	True_Mithrandir	
5	20.12	1470927	3848340	C++	MisterQuidam	
5	20.12	862919	2704289	C++	Astrobytes	
5	20.11	1026865	2193484	Python3	LouisLo	
5	20.1	1579627	3101587	C#	Bahrani	
5	20.1	2093395	2108180	Go	VadimKuznetsov	
5	20.08	1307473	2486813	C++	Evgenykz	
5	20.03	2874091	3886990	Python3	5DN1L	
5	20.03	3211735	2349083	C++	Fireballl	
5	20.02	1309948	3780265	C++	Runner87	
5	20	1163546	2052757	C#	Pyou	
5	19.99	1764618	2052060	C++	ave99	
5	19.94	3492840	3099853	C++	stormKx18	
5	19.93	4884581	4291546	Go	RivalRickson	
5	19.93	1792532	2425458	C#	Zanbez	
5	19.92	1457162	2052861	C++	JFB	
5	19.9	1605259	2052760	C#	Askeladd	
5	19.9	2555611	2987966	Go	SpiderSas	
5	19.88	788361	2052511	C++	Bob	
5	19.88	2242201	2052862	C++	Maryan	
5	19.87	2332371	4301153	C++	Cwuilleme	
5	19.86	1295026	3745132	C++	Cartosses	
5	19.84	321003	3094034	Python3	mixam85	
5	19.81	4641798	4067471	C++	NeeZoxe	
5	19.79	232528	3100470	C++	cegprakash	
5	19.79	3574688	2616912	Go	RaulButuc	
5	19.77	1478706	2600917	Go	The-Dude	
5	19.75	1390789	2486812	C++	Matthieu.L	
5	19.72	3972050	3103750	Go	RogerSir	
5	19.67	3293190	3084657	C++	lhm	
5	19.64	2473662	2058425	C#	Ollisteka	
5	19.64	4838630	4246691	C++	-ko	
5	19.64	347029	2062553	Go	Kevapo	
5	19.56	2653642	2211544	C++	AnhDuyNguyen	
5	19.53	4018953	3156604	C++	zTTK	
5	19.52	3141948	3073365	Python3	philRG	
5	19.5	4090396	3663973	Go	Coder-JK	
5	19.41	1439344	3101905	Python3	Gronahak	
5	19.33	2451652	2083710	Java	code_of_the_dead	
5	19.33	2416641	3093605	Python3	Zenoscave	
5	19.31	4557825	3878665	Go	OSSFF7	
5	19.26	4352366	3745133	C++	hoanghien99qn	
5	19.14	4778025	4053775	Go	MGTRFELIPEURREGO	
5	19.09	2675334	2425564	Go	2fed	
5	19.09	2102562	2052014	Python3	lyan	
5	19.09	2671011	2054686	Haskell	p9gehka	
5	18.94	1179950	3582077	C++	Patorikkuyatta	
5	18.93	3285896	2712678	C++	Zerhal	
5	18.91	2647140	2062552	Ruby	nisizawa	
5	18.9	1715391	2052019	Java	Skolin	
5	18.87	4039794	3898795	Go	Codeab	
5	18.83	3971159	3101715	Python3	ErebosTheos	
5	18.81	2068632	3777146	Go	PedroMMPereira	
5	18.77	3973359	3630903	C++	KAbel	
5	18.77	2233179	2056600	Python3	Samsa	
5	18.76	1860480	2052759	Python3	Tarkin	
5	18.76	1528274	2057543	Ruby	BlanCap	
5	18.74	3059018	2419145	C#	PPS	
5	18.74	1123581	3469305	Java	Luksis	
5	18.7	1427078	2309165	Java	ToshiTuringMachine	
5	18.69	3721214	3100459	C++	jrke	
5	18.69	3144403	2349084	C++	hugoLaugier	
5	18.68	1415495	2109110	C	fenrir	
5	18.68	3866882	3050177	Go	crystal_prince	
5	18.63	4870649	4218089	C++	VictoriousTriceraton	
5	18.62	2051278	2057544	C++	GuillaumeK	
5	18.6	1528055	2060479	C++	YannBeuc	
5	18.59	1836058	2052056	Javascript	SeebOmega	
5	18.58	3408865	3582297	C++	redimer	
5	18.57	3974388	3101754	Python3	norensaiga	
5	18.56	1186250	2615720	Python3	Gabbek	
5	18.55	1201796	2091423	C++	P.Greze	
5	18.55	4715087	3986262	C++	just_a_loser	
5	18.54	1404941	2060478	C++	Rexou	
5	18.54	1171469	2453271	Java	Reblochon	
5	18.51	3331745	3370653	Go	XeraFiu	
5	18.5	4313857	3578721	Python3	Magestik	
5	18.5	1059996	3099315	C#	Molybdene	
5	18.49	1390227	2052867	Javascript	scorbiere	
5	18.42	3976319	3101906	Python3	raister21	
5	18.32	4779369	4382081	C++	Anonimn	
5	18.27	1314162	2139611	OCaml	Gobi03	
5	18.26	4089191	3508820	Go	Bixie	
5	18.17	3973448	3101727	Python3	DaIsNum	
5	18.15	2299852	3508821	Java	none_	
5	18.06	1743393	2404322	Go	Yudzhin	
5	18.03	2455616	2060476	Java	JeanClaude44	
5	18.01	1857772	2083709	Go	darkange69	
5	17.98	873958	2214916	C#	cheeser	
5	17.96	2762653	2349206	Go	RAAAT	
5	17.92	4776016	4388611	Java	_Pioneer	
5	17.85	4428644	4301224	C++	Variiuz	
5	17.84	3966837	3101826	Python3	vortexdom	
5	17.77	1629402	2091424	Haskell	asvyazin	
5	17.76	3928554	3099503	C++	ScorchingEagle	
5	17.75	3744599	3780264	Haskell	Franky78	
5	17.75	2434893	2058472	Clojure	cdurbin	
5	17.74	1055089	2099964	C++	markoni	
5	17.72	593099	2192852	Java	Maldo	
5	17.72	1052271	2352519	C#	Bleash	
5	17.72	3996809	4078351	Kotlin	VizGhar	
5	17.69	1841051	3986263	Python3	0xbeefed	
5	17.63	3968013	3107598	Python3	ajeetkharel	
5	17.63	4578584	3914458	C#	Kronblom	
5	17.61	1724069	3093789	F#	jmpeg	
5	17.59	1931824	2057545	Java	Litops	
5	17.59	969000	3099577	Go	KB	
5	17.56	1890261	3128333	Javascript	volrk	
5	17.52	1484839	2054174	Perl	sparky	
5	17.52	1855741	2457013	Kotlin	MrKIP	
5	17.42	3973547	3921358	Python3	shree99	
5	17.4	2115491	3040767	Go	Haashi	
5	17.39	1712393	3099391	C++	JackJohnson	
5	17.36	849999	3913635	Java	Moez	
5	17.36	2069141	3913636	C#	tomeko	
5	17.36	3363565	2975295	Go	BloodRayne	
5	17.3	1209562	2060475	C++	Jiway	
5	17.19	2662239	2052040	Clojure	MarvinTheMartian	
5	17.1	3982663	3921303	Python3	ggwpmydude	
5	16.78	331880	3777147	C++	Monstruo	
5	16.76	1713174	2150933	Python3	BigUP	
5	16.72	792813	3095992	Python3	VilBoub	
5	16.46	351062	2412639	C++	Neumann	
5	16.25	2297753	2415263	Python3	Warly7692	
5	16.1	2763458	3986264	Python3	Lokoslav	
5	15.98	1075260	2095274	Java	metwesse	
5	15.87	2170923	2058943	Java	CrazyGamer	
5	15.87	894826	3093942	Java	tekki	
5	15.78	4023980	4281464	Java	Shimbawa	
5	15.59	1314796	2099963	C++	JBence	
5	15.59	2450542	2458352	C++	MindController	
5	15.21	2672932	3095002	F#	Lanfeust	
5	15.19	3544720	3101907	C++	CodingGuy	
5	13.98	1454381	3102994	Python3	zaz3n	
5	13.26	4001904	3664440	Java	the_red_hat	
5	13.17	3087270	2458280	Swift	Alex.swift	
5	12.71	1158238	2152034	Python3	Veka	
5	12.21	3545956	3123551	Javascript	therealyubraj	
5	12.19	2321957	2106038	C	Xenoid	
5	12.17	1684681	3388416	C#	Cpt.Illidan	
5	11.8	153962	2058390	Java	[CG]XorMode	
5	11.75	811622	3123015	C++	Scarfield	
5	11.47	1791118	2060477	C++	Baboune251	
5	11.35	2489304	2055347	Kotlin	Yawp	
5	11.32	1060181	2051998	Ruby	Dabou	
5	10.66	1223140	2052035	Kotlin	kgautron	
5	10.07	1524771	2347067	Python3	Pyroxn	
5	10.02	2665442	2052018	Python3	Mugu-Mugu	
5	9.58	1855354	2052758	Python3	KiwiTae	
5	9.45	1548000	2419099	Kotlin	Whiteouter	
5	9.35	2521394	2052079	Kotlin	FrankR	
5	9.21	979569	2052075	Dart	khanh_alice	
5	-0.16	2158902	2052087	Scala	Snowbart	
5	-4.82	3298022	3789940	Python3	IKEJIME	
5	-5.85	2486390	2202604	Javascript	malcoriel	
5	-6.41	1192837	2661998	Rust	davidB	
5	-11.39	1753077	2052033	C++	codingWhale	
5	-11.42	1890185	2059228	C++	num	
5	-inf	403748			[CG]SaiksyApo	
4	20.18	4548583	4288031	Go	Titruc	
4	19.97	4980809	4386424	C++	Gancubes	
4	19.3	1374052	1957533	Java	Pesegato	
4	18.91	3423700	3688941	C++	Old-and-Grumpy	
4	18.91	3756021	3103977	Java	TheSkolar	
4	18.85	802171	1957521	PHP	Merome	
4	18.83	2066463	2150956	Java	chlebek	
4	18.82	1606614	2051845	C#	Wazaa	
4	18.78	952784	1957482	Java	[CG]Simon	
4	18.78	2651927	1957508	PHP	Jasonrun	
4	18.73	1208397	3488999	Java	Vaurien	
4	18.68	650661	1957470	Ruby	Syro	
4	18.65	1945778	3790550	Javascript	Masthiks	
4	18.55	2255187	1957514	PHP	rom_02	
4	18.52	734401	1957669	C++	b0n5a1	
4	18.51	3647844	3844218	Python3	rc95401	
4	18.3	1709440	1964707	C++	Errichto	
4	18.29	3245233	3908885	C++	Flasssh_	
4	18.27	862336	3092846	C++	Zaphus	
4	18.25	2881066	2094773	C++	BuddyKBrush	
4	18.18	2520126	2021765	C++	yy214	
4	18.11	1932868	2090307	Python3	Tehelka	
4	18.1	2350846	2013057	C++	DrBloodmoney	
4	18.09	1991836	2031241	C#	qbit86	
4	17.81	3482949	2580123	Java	Masshood	
4	17.77	3464719	2848654	C++	NineStash	
4	17.76	2077458	2112318	Javascript	Ragi	
4	17.71	4763549	4401706	C++	BlaiseEbuth_	
4	17.61	1342663	1965289	C++	JeromeFavrou	
4	17.57	1813908	2429311	Java	liosensei	
4	17.53	940791	2177866	Python3	Kris117	
4	17.52	1740037	2679423	Scala	ereiam	
4	17.52	2962429	2849194	Python3	Daneon	
4	17.34	1931039	2206292	Javascript	MooMooN	
4	17.32	914013	1964771	Python3	HexTree	
4	17.3	2007852	3099066	Go	Zorg1	
4	17.24	1718278	1957820	C#	axoona	
4	17.22	3791343	3137692	Java	Daskas	
4	17.15	1880319	2195854	C++	WildSmilodon	
4	17.13	1505665	1957550	C++	NicolasGrosjean	
4	17.1	3974925	3099515	Go	garrry	
4	17.1	1783604	1957481	C	Vry	
4	17.07	4596822	3912800	C++	Zwii	
4	17.04	2787474	3520466	C#	Zhelonkin	
4	17.01	155091	1964146	Java	smeagol	
4	16.99	1205152	3025915	Javascript	cfoll	
4	16.98	848394	4256474	Java	schwarzahl	
4	16.98	3969806	3101805	Javascript	MorganTuber	
4	16.97	154201	2112317	C#	mAharrabi	
4	16.96	1436776	1957520	C++	BrainSolver	
4	16.95	1496978	1957612	C#	PedroPires	
4	16.95	3711773	2701304	C++	Autron	
4	16.94	1816961	1960146	Java	pwlrfl	
4	16.93	1603088	1957540	Java	HyperDec	
4	16.91	1525831	1957408	Python3	ntsd	
4	16.9	153057	1957674	PHP	PierralF	
4	16.89	1245791	1957697	C#	Bad_Wolf	
4	16.89	2005105	1957464	PHP	Fred51	
4	16.88	4809631	4047413	C++	Bruicanlas	
4	16.87	4662405	3989566	Python3	helpmefindaname	
4	16.87	1519989	3537179	Python3	a5kin	
4	16.86	4655524	3943681	C++	ArcticEngine	
4	16.84	4221373	3462583	Python3	FDan	
4	16.81	153931	3121641	C#	Bast	
4	16.8	3054488	2201966	Python3	wmiaz	
4	16.79	2003111	3095789	PHP	Krikolo	
4	16.78	2382065	1964675	Java	Qward	
4	16.75	425462	1957610	Java	Azt-yur	
4	16.7	972894	3946201	Python3	resty-daze	
4	16.69	1179357	1971085	Javascript	avdg	
4	16.69	1360294	1972160	C#	otk	
4	16.68	2490008	2664602	C#	ebicochineal	
4	16.67	2837454	3100405	Java	Inc_	
4	16.64	1300957	2051300	Javascript	ReversedK	
4	16.63	3942793	3100406	Java	The_Auditor	
4	16.57	1449433	2097273	C++	Rolf	
4	16.56	2928146	2489241	PHP	LolCat	
4	16.51	938374	1957446	C#	UnmanagedCode	
4	16.5	3808031	3026263	F#	_proton	
4	16.49	1854639	2061920	PHP	iDxMeG	
4	16.46	3465661	3094221	Javascript	Thiesjoo	
4	16.46	2378892	2284843	C#	[Funtik]	
4	16.45	1442814	1964770	C++	Maxder	
4	16.25	3444208	2488695	Java	Anatoli	
4	16.2	1829569	1957396	Python3	[0___0]	
4	16.16	4283515	3744540	PHP	FrancoisBaveye	
4	16.15	1001096	2579258	C#	MyIIone	
4	16.1	881037	2062605	Java	Amadeuszx	
4	16.08	4881018	4277617	C#	Arterot	
4	16.06	1845617	1962821	Kotlin	Shingy	
4	16.06	3816482	3040703	C++	marcee927	
4	16.05	1631057	1957516	Python3	Pask	
4	16	2613979	1957475	C#	Akhaten	
4	15.93	1420817	1957536	Javascript	TheMagicShop	
4	15.92	1344487	2211525	Java	UnnamedCodinGamer	
4	15.91	1687754	1957492	Java	cg123	
4	15.83	1162034	2050669	Python3	krakeusz	
4	15.7	3973179	3094223	Python3	i_dont_want_to_do_this	
4	15.68	1356388	1957545	Javascript	CuCu99	
4	15.61	2649448	1982554	C#	bhloodyy	
4	15.55	2067113	1993183	Python3	kaleryan	
4	15.48	1336138	1972161	Python3	wyrdoe	
4	15.45	2125348	1958154	Java	JMLeMage	
4	15.42	3977411	3101262	Python3	ArthurMorgan	
4	15.39	2734485	3663219	Python3	Randrian	
4	15.34	2135916	1971074	Python3	Oioi	
4	15.27	3749793	3035282	Python3	WINWINWIN	
4	15.27	3224285	2686900	Python3	SlideyBlockMaster	
4	15.23	4013708	3874826	C++	andreferreirav2	
4	15.21	1680988	3040628	Go	.[-_-].	
4	15.18	3051093	2201256	Python3	skagator	
4	15.17	1375223	2115011	C#	Ignorance	
4	15.16	939530	2139925	Java	Jahz	
4	15.15	973040	2047714	C	papyjo	
4	15.14	1029602	2117451	C	Potemkine	
4	15.13	3190059	3369343	C++	BastienLavillat	
4	15.1	656081	3134025	Python3	2skill3d4u	
4	15.09	1893871	3100237	Python3	RedCosti	
4	15.06	3725891	3101223	C++	d57c428df5ac317680a42d608ffb1652	
4	15.04	3501027	3291890	C++	SteelSky	
4	15.03	3494301	3852415	Python3	CoreyCV	
4	15.02	3546647	3101459	C++	IAmLearning	
4	15.01	2919428	2195855	C#	Daylight	
4	14.99	1628009	2453153	C++	0x72D0	
4	14.97	2975403	2211526	Javascript	Elastrik	
4	14.95	314562	2071183	Javascript	Mechar	
4	14.9	3723101	3693943	Python3	Lilac_Tsuki	
4	14.88	2458172	2486673	C++	CaptainHamburger	
4	14.82	3243532	2406075	Java	teccles	
4	14.81	4175043	3852638	C#	DerMevlut	
4	14.8	371603	2574479	Ruby	martin	
4	14.76	2503493	1961647	Rust	OnlyKarma	
4	14.72	2793264	3663213	Python3	hyphz	
4	14.72	2785892	2050426	Python3	levbor	
4	14.71	1305374	1958153	C#	Frankich	
4	14.7	1311097	3040556	Java	WeeBoo	
4	14.66	3954889	3100818	C++	realmike	
4	14.62	225875	3118079	C#	Leff	
4	14.62	1713931	1957611	C++	j3r3m	
4	14.6	3640862	3141412	Python3	nopnop	
4	14.59	3136787	3101468	Java	jacek	
4	14.53	4612315	4284591	Python3	Gerritvw	
4	14.52	1734105	2122856	Python3	Bibou	
4	14.52	2598404	1957476	Python3	heraclai	
4	14.37	1169499	2700925	C++	naab	
4	14.35	208338	3414202	Python3	Absolem	
4	14.33	4072753	3388522	C++	mdstoy	
4	14.28	1599927	1970051	C#	JustAwesome	
4	14.27	3617678	3908886	Python3	j0	
4	14.27	1651613	3040624	Go	ford	
4	14.22	1193679	3094226	Python3	Icebox	
4	14.18	4210403	3910782	Java	Sjeckem	
4	14.18	2310555	1971323	Javascript	lapinozz	
4	14.15	2714117	1964608	C++	TiLuky	
4	14.14	2976964	3093704	Java	BenjaminUrquhart	
4	14.09	1808752	1959008	C#	Kotentopf	
4	14.08	4626700	3940463	PHP	JohnyDarecek	
4	14.04	1017704	3129646	Javascript	Lucasgood	
4	14.02	1845872	1971033	Java	Ethaniel	
4	14	3520485	2590759	Python3	DigitalMe	
4	13.94	1490383	2112316	C++	arkwaw	
4	13.93	1371420	2059194	Rust	FerrusDude	
4	13.89	1272263	3122656	Python3	Caled	
4	13.86	1875472	3098350	F#	BillBert	
4	13.75	3244861	3975120	Python3	0xecho	
4	13.74	2082899	3040555	C#	Mesa	
4	13.74	1772240	3096621	C#	Wazabis	
4	13.72	3933471	3353315	Rust	pankdm	
4	13.71	4554005	3909650	Python3	Raf_0	
4	13.67	568476	3342649	Java	Dje54	
4	13.67	2644468	3101218	C#	Schizzle	
4	13.66	1452085	3040557	C++	sadakatsu	
4	13.63	2970414	3049506	Python3	Fangel	
4	13.62	2815558	3878612	Lua	EvilDuck	
4	13.61	2522875	4248244	PHP	Risano	
4	13.57	4570242	3989304	Python3	Milanovich	
4	13.54	1590835	1964183	Python3	ThePiProgrammer	
4	13.53	2853883	4277616	Javascript	albertcrowley	
4	13.53	2923506	3129648	C++	darkhorse64	
4	13.5	1604295	1989259	Javascript	SergeyShirokov	
4	13.5	974135	2984199	Python3	A3	
4	13.48	155774	3886932	C++	dwarfie	
4	13.46	2888129	2540423	Javascript	terazoid	
4	13.43	1763524	3040625	Java	Mandoune	
4	13.39	2345555	2124357	Python3	Schade	
4	13.38	2571540	3040558	Java	Nagatwin	
4	13.37	2360690	1957957	Python3	Galrauch	
4	13.36	634731	3166758	Python3	dekespo	
4	13.35	1460327	1963033	Python3	Programming_Doge	
4	13.34	2730677	3040627	Javascript	VikTheViking	
4	13.34	1062509	3093943	Java	Xavier_Kress	
4	13.32	2428416	1965272	C#	Theino	
4	13.27	2474883	3129647	Python3	lakeoverflow	
4	13.25	3754548	3054763	Python3	mightymochi	
4	13.18	819803	3946203	Java	Anordil	
4	13.16	3973300	3101189	Python3	codingamer69	
4	13.06	3616727	3362079	Javascript	Exanom	
4	13.05	1491995	3101461	Python3	Tyir	
4	12.98	1482864	1971055	C#	Youm82	
4	12.97	2346031	3663214	C#	Fr1z2r	
4	12.86	1786695	4372510	Java	Pro-LaP-Se	
4	12.83	2051334	1963030	C++	Dwarth	
4	12.77	1930388	4081708	Python3	UrbanWhale	
4	12.74	1803811	1964844	C	TabascoEye	
4	12.5	1239769	3663212	Python3	R.S.	
4	12.37	2686778	1971276	C++	AKEE	
4	12.35	1283820	3946202	F#	sqdk	
4	12.21	2984270	3853782	Java	GastonL	
4	12.19	4283868	3910780	Javascript	Ilphrin1	
4	12.07	2515258	3910781	C#	Everals	
4	11.64	2225200	3342651	Kotlin	WildRhum	
4	11.6	2534911	3096620	Python3	Prof_Doom	
4	11.6	2682234	3365316	Javascript	DavidPetran	
4	10.87	2797964	3081366	Java	BorisH	
4	10.78	4730320	3995974	Python3	LeDebutantJeconnaisRienAuCode	
4	10.49	4193469	3508178	Kotlin	yannick-t	
4	9.4	2055377	2138790	Python3	Covfefe	
4	8.71	3969744	3101836	Javascript	Khayargoli	
4	8.71	1266438	2015756	Python3	WdF	
4	8.68	2664662	3968308	Java	Rashg	
4	8.36	2315896	2050408	C++	DeCe	
4	8.23	900129	1963773	C++	Julien_E	
4	8.18	2225882	2594432	C++	anti-freak	
4	8.15	1499383	2152538	Clojure	NunnaYerbiz	
4	8.12	2457382	3021295	C++	Dast	
4	7.93	3807227	3018378	C#	GaryAflalo	
4	6.57	159880	2008136	Haskell	Aries	
4	-0.24	1263862	3040626	Python3	Palermo	
4	-0.94	1428084	3018108	Dart	Mixolyde	
4	-0.98	385696	3094066	Kotlin	aldrinm	
4	-1.01	1167096	2077990	Kotlin	exfalso	
4	-1.03	729862	2848655	Kotlin	mracsko	
4	-9.08	1705689	1963267	Python3	XanX3601	
4	-9.76	1096201	1970493	Javascript	Maksimov	
3	19.17	4949237	4388080	C#	FragJage	
3	18.86	186405	3080064	C#	d-mark	
3	18.71	3908255	3672051	Go	KiiYess	
3	17.84	2719505	1963903	C	Catgolin	
3	17.82	2612889	1990909	C#	Symphonia	
3	17.82	4687360	3983734	Perl	thomas.schuerger	
3	17.8	4424239	4305374	Python3	Broccoli14	
3	17.75	2719604	2337622	Python3	vpoulailleau	
3	17.47	461956	3971727	Python3	dervish	
3	17.44	865548	3328865	Rust	Kktus	
3	17.41	4200085	3457098	Python3	incandenza	
3	17.29	4455960	3798735	Python3	THEWORLD21	
3	17.13	1646504	3315751	Javascript	fil090302	
3	17.07	4865140	4406526	Go	demetedPufferfish	
3	16.94	2688693	3098495	Python3	Catagami	
3	16.9	1063491	2485684	Python3	bug_sniper	
3	16.87	1441239	3886729	Javascript	Dyd	
3	16.77	2973592	3385278	C#	EJtheMaster	
3	16.72	2655682	2433538	Java	CoderFromOuterSpace	
3	16.72	1688826	2627407	TypeScript	statox	
3	16.71	2777564	2050313	Java	wildboar	
3	16.51	4678370	3963474	C#	Alpaket	
3	16.5	795321	1953302	Java	berthy424	
3	16.48	204179	3101382	Rust	resistcorp	
3	16.46	153872	3149012	Java	Mr.Propre	
3	16.44	4559418	3865439	Python3	CecG	
3	16.44	3922731	3626476	Dart	Dartisan	
3	16.43	664112	3678973	Python3	AllYourTrees	
3	16.4	1625385	4274167	C++	Lollypop	
3	16.39	3775369	2917608	C++	umesh007	
3	16.34	3757333	2779439	Python3	Cl0akY	
3	16.31	3855753	3171990	Python3	tuan91	
3	16.29	2650775	2089601	Java	HubertBean	
3	16.25	2657531	1949722	Python3	CrazyT	
3	16.24	1523934	3000648	Kotlin	Touggo	
3	16.24	1729412	2209295	Python3	shey.	
3	16.22	862819	3502892	C#	Umbakrail	
3	16.21	1525821	1962730	C#	Jeroo	
3	16.15	3494517	3939272	Javascript	Rigelrain	
3	16.12	2731276	1959719	C++	panda42	
3	16.04	2719650	1957649	PHP	Ezytli	
3	16	3080682	4324177	Javascript	Xav1er	
3	15.99	889789	1950305	C	Alain-Delpuch	
3	15.97	1064903	2048282	C++	Ghirtor	
3	15.96	2551407	2471449	Python3	JerryX	
3	15.96	1086214	1948671	Perl	bor	
3	15.95	1786902	2142850	Python3	SeTh	
3	15.94	1776536	3785743	Javascript	Zizos	
3	15.94	4625191	4015251	Python3	mrtaylor	
3	15.92	1643439	2055579	Python3	Antonin2011	
3	15.92	1568785	2056099	C	Chalzy	
3	15.91	2773739	3448257	Python3	PedroHugo	
3	15.9	3300776	2331612	Python3	guydmann	
3	15.9	3627342	3098468	C#	Zuabros	
3	15.88	1807733	3338819	Python3	NoZ-	
3	15.88	1236966	2099945	Lua	Taihennami	
3	15.88	3413813	3097074	Java	Hvosten	
3	15.86	3477764	2488400	C++	Roy_R	
3	15.84	3969699	3100506	Python3	kasudy	
3	15.84	2488117	2064734	Python3	neurolane	
3	15.82	4743959	4020116	C++	dod256	
3	15.81	1466631	3025229	Python3	Akrib	
3	15.81	3983017	3109199	PHP	TLbuis	
3	15.8	3787181	3097867	Python3	MonsieurMoucounne	
3	15.79	3756183	3862748	Java	Matt0905	
3	15.77	4446060	4268251	Python3	Prodigity	
3	15.77	808454	2587427	Java	.EagleDawn.	
3	15.77	1046623	2593870	Java	the_pins	
3	15.76	1407621	2082156	C++	Taohbi	
3	15.74	2092746	2241564	Python3	donjo	
3	15.73	3235896	2334032	C++	Fenz	
3	15.72	2122087	2192622	C++	RENZOU	
3	15.72	3255947	3166540	C#	sialino_florian	
3	15.68	3740542	2741068	C#	Elbaf	
3	15.66	2773306	3097850	TypeScript	kryshac	
3	15.66	1398620	3392059	C#	Kazkel	
3	15.66	2325449	3093667	Perl	otpv	
3	15.65	4953689	4345787	Python3	Encalagon	
3	15.63	1448892	1951521	Python3	Mathumeo	
3	15.63	1462735	1956781	Java	mstuercke	
3	15.62	2246818	4383374	Python3	Fredododo	
3	15.62	3480779	2495451	Python3	ATL333	
3	15.59	1789162	2407986	Python3	IvanNovitsky	
3	15.56	1411735	2317044	C++	lordaniel	
3	15.55	3244055	2667050	Python3	s.Kara	
3	15.54	1926967	1953013	Kotlin	Stanworld	
3	15.52	3061989	3100251	Java	Dr.Mic	
3	15.46	4098427	3427902	Python3	Ask369	
3	15.43	3432180	2478240	C++	TestFon	
3	15.42	2833929	3974929	Python3	pcourrousse	
3	15.39	1349380	2740335	C#	Papy	
3	15.34	2464160	2694862	Java	Taeth	
3	15.33	2317747	3162704	Python3	ElPsyCongroo2011	
3	15.23	1978863	1958600	Python3	h4o	
3	15.21	1967256	1960299	Javascript	Ahm	
3	15.15	3581724	3590581	Python3	ffgth	
3	15.13	2936179	2509917	Javascript	bobmcaleavey	
3	15.11	3913241	3792002	Python3	KevinLi-py	
3	15.1	3946057	3094209	Go	boogiepop	
3	15.09	2613606	2060296	Python3	Nivekiba	
3	15.07	476340	1952005	C#	iRinji	
3	15.06	3012111	2141851	Python3	LoneSorcerer	
3	15.06	3977491	3100492	Python3	Samuel123215	
3	15.04	1718672	2629403	Python3	abstractbug	
3	15.03	4062633	3372173	C#	vm90	
3	15.02	155762	1985381	C++	BabelO	
3	15.02	392250	2475470	Javascript	amccampos	
3	14.96	1586397	2202439	Python3	menger3	
3	14.95	1238934	2693548	C++	accorp	
3	14.95	3794312	3656841	Java	micpap25	
3	14.92	3046608	3096223	C#	BotWerx	
3	14.91	2177661	2132794	C#	Tioude	
3	14.89	1412263	1964009	PHP	PatrickMcGinnisII	
3	14.88	3518657	3353270	Python3	Obelix	
3	14.88	3438353	2475491	Python3	nabuco	
3	14.87	2093060	1953327	C	OursDesCavernes	
3	14.85	2678542	1963246	Javascript	hello79621	
3	14.85	1607034	2826582	Rust	tomatoes	
3	14.85	1946792	2846329	Haskell	GoVegan	
3	14.84	4783408	4068415	Java	lmagitem	
3	14.83	4259317	4003119	C++	amanMahendroo	
3	14.83	2066683	3533045	Python3	padobranac	
3	14.82	2772385	3435622	Python3	Izzuit	
3	14.82	580424	3018723	C++	siman	
3	14.82	3435748	3445463	Javascript	amcc	
3	14.82	3706555	2836955	Python3	Nullergoj	
3	14.81	1647688	2419893	Java	rainbow_power	
3	14.8	4539167	4298020	Python3	J_Fallen_70	
3	14.8	4706250	3984148	C++	ToPi314	
3	14.78	1525527	2485698	Python3	Colbs	
3	14.77	2925518	2119540	Java	EmeSkebg	
3	14.75	2014007	1958179	PHP	Louise-Francoise	
3	14.75	1394530	2357465	Rust	Idleless	
3	14.74	2831400	2107506	C	joakje	
3	14.74	736075	2007644	Python3	Xyze	
3	14.74	1703255	1956529	Python	ClementC	
3	14.72	1540343	1960874	PHP	chernovig	
3	14.66	1861418	3143963	C#	Enjoy	
3	14.65	1660968	3096872	Java	Greedo	
3	14.63	3068751	2209302	Java	WinterSolstice	
3	14.63	1068862	4404623	Python3	Jayjader	
3	14.61	3098075	2217138	C#	Gic76	
3	14.6	1487502	3020790	VB.NET	natehaze	
3	14.57	1373430	2475514	Python3	Wander	
3	14.56	1520245	2058297	Java	arxadev	
3	14.55	3285580	2359670	Python3	mr.x	
3	14.55	1442344	1952997	PHP	PavelRaskin	
3	14.53	4618693	4406865	PHP	cedricdd	
3	14.51	2497890	3752827	C#	BlackBird	
3	14.5	1411728	3522508	Java	BasSilicum	
3	14.47	1789515	2077865	Python3	ppeetteerrs	
3	14.45	3657691	2679319	Python3	D3structor	
3	14.44	3387410	3048750	Java	Paolo_Rzf	
3	14.41	4073052	3372483	C++	slrn	
3	14.41	3965592	3095208	Python3	Jagaran_Maharjan	
3	14.4	1419589	2682866	Scala	forty	
3	14.38	1178401	3089460	Python3	mizzHuarta	
3	14.38	3492126	2706343	C#	FranciscoLopezCabrero	
3	14.35	3589590	3955390	Python3	Edjy	
3	14.34	2685790	2129591	Javascript	Laws	
3	14.33	3422694	3095646	C#	HK42	
3	14.3	2750377	3904823	Python3	gybson_samara	
3	14.3	3556670	3103522	Java	NoNameTaken	
3	14.3	3770501	3093919	C++	luke-guyton	
3	14.29	3382337	2462273	PHP	AussieVEEN	
3	14.27	3354569	3099318	Rust	tblancbeyne	
3	14.25	4024353	3253222	Java	Enialix	
3	14.25	1737246	4278803	Python3	Adam798	
3	14.23	3921345	3070523	Java	JFP81	
3	14.23	2087579	1970717	C#	Kissmyoss	
3	14.22	1838289	1963965	C++	Dagal	
3	14.2	3846244	3096267	Python3	JLukeSkywalker	
3	14.2	2720216	2071193	Kotlin	ilgiocatore	
3	14.2	2007690	2220001	Java	SpeedOfMagic	
3	14.17	154177	2069433	Python3	P1gu	
3	14.17	1803061	2462285	Python3	SmokingJoe	
3	14.15	893598	1951932	C	tjandra	
3	14.14	2871241	3098859	Python3	Finger.S	
3	14.04	2842400	2642347	Python3	NicoNeko	
3	13.94	812264	3096855	Python3	Cyxo	
3	13.94	3769371	3882829	Javascript	mokasino	
3	13.92	1396594	4261776	Javascript	aroy314	
3	13.89	2107217	1949030	C++	Oh-Maley	
3	13.88	494539	2072802	C++	Ogniok	
3	13.85	1740560	2706344	Python3	Beb77	
3	13.79	1102212	2485699	Python3	Samel	
3	13.76	4001756	3396540	Python3	SonExcellence	
3	13.75	1765852	2631478	Python3	subtree	
3	13.69	4304221	3529257	Python3	misterteapot	
3	13.68	2690032	2074839	C++	tobari	
3	13.63	2037512	1949211	Rust	mosh	
3	13.63	1140677	2700653	C++	Crog	
3	13.61	2627770	1965118	Go	skido	
3	13.58	3965590	3100267	Python3	FinalFantasy0057	
3	13.57	1384981	3370315	Python3	Sebou	
3	13.56	1458020	3075264	C++	robodan	
3	13.56	498366	3927538	Rust	Vat	
3	13.55	1010476	2983870	C	Migrou	
3	13.54	3376524	2416080	Python	UnKnOwN	
3	13.53	3238380	3097880	C++	thoip	
3	13.53	855824	2142851	Python3	VoxMortem	
3	13.52	3489135	3094495	Python3	Mirlamber	
3	13.51	1694898	1955946	Python3	tcchiang	
3	13.5	1981732	1953288	F#	MJS	
3	13.49	2482615	2822064	Scala	Zenobia	
3	13.48	4526594	3961067	Python3	Andeol	
3	13.47	3611120	2758352	Java	Gary000	
3	13.47	1494694	3472655	Python3	iminurnamez	
3	13.47	2367822	1962026	C++	Naratzul	
3	13.47	1948174	1962855	Javascript	Maelg	
3	13.46	1066745	3108170	Java	DepartmentOfRedundancy	
3	13.46	3971434	3099438	Python3	kumarbishnu	
3	13.46	3487032	2494492	Java	GrekMaR	
3	13.46	3769029	3683858	Python3	Nhemisirmkow	
3	13.45	4260006	3790233	Python3	Temoc	
3	13.45	1788941	2579704	Java	Franfy	
3	13.45	2636264	1964497	Python3	mattdeal	
3	13.45	4306876	4338320	C++	SubwayMan	
3	13.44	3421837	3128402	Python3	Naindlac	
3	13.44	890305	1958565	Java	Michel-L	
3	13.44	2714519	1949396	Python3	pangeland	
3	13.44	4971089	4373172	Java	AnsonPon	
3	13.43	1523900	3269619	C++	marwin	
3	13.43	1988531	2341321	Ruby	MarcL	
3	13.42	3945121	3099155	Python3	Lairdy5452	
3	13.41	2685257	1956286	Java	pcasa	
3	13.41	1896128	1958050	Python3	Vhanire	
3	13.41	2647790	3896318	C#	They_Dont_CSharp	
3	13.4	4598327	4059357	C++	rsidhoum	
3	13.39	4184451	3448226	Python3	jpholanda	
3	13.38	2991804	2235404	Java	Illumina1st	
3	13.38	1461866	1949314	Java	Spacebird1313	
3	13.38	3755815	3094144	C#	Moctrof	
3	13.37	3972127	3095462	Python3	AcharyaHeeman	
3	13.35	4638194	3981930	Python3	rafbiels	
3	13.35	2784019	2138554	Python3	cryptoroot	
3	13.32	1993004	2004806	C#	olivR	
3	13.3	2685573	1964813	Java	thomas.h	
3	13.29	1679118	2539992	Java	histnat	
3	13.28	4462819	3789451	C#	Sergueille	
3	13.24	3970063	3094544	Python3	codename47	
3	13.21	392581	1964439	Java	goq	
3	13.21	3156281	2606976	Javascript	LMA	
3	13.2	1386924	3879903	Python3	Ylec	
3	13.15	2929792	2103627	Python3	caragane	
3	13.15	153965	2359814	Python3	[CG]Keelhaul	
3	13.14	4288419	3527682	Java	Roxxx	
3	13.14	1770280	1979094	C#	Maxboyer	
3	13.13	999637	1949575	Python3	dinobogan	
3	13.09	4152181	3402573	C++	I_like_JS	
3	13.05	614215	3536649	Java	Jo	
3	12.98	969316	2053843	Python3	masterglob	
3	12.97	4215391	3494628	Python3	pizue	
3	12.95	1519601	2241932	Python3	Jagang	
3	12.89	3926522	3921362	Python3	Denshire	
3	12.89	4291170	3697782	Python3	khnarr	
3	12.73	3031197	3502882	Javascript	DylanTwoPoint0	
3	12.68	3687035	3265744	Javascript	EmericC	
3	12.6	4039884	3378458	C++	mzbear	
3	12.5	4253959	3627890	C++	PauF	
3	12.47	2983188	2146656	C++	Ostrym	
3	12.44	4931618	4345470	Python3	decolens	
3	12.38	1404934	3096296	Rust	tarriel	
3	12.3	2014434	2144036	C++	Monte-Karlo	
3	12.26	3305510	3110923	PHP	TBali	
3	12.23	4159496	3413543	C#	maoru	
3	12.22	4625518	4395544	Python3	Valentin-Drns	
3	12.21	3435745	3445263	Python3	PauloCosmico	
3	12.2	3425328	3365924	Javascript	waterblue	
3	12.2	1128189	2079966	Java	LBOSS	
3	12.16	2037137	2693409	Java	CodeGamingNeeL	
3	12.15	1506622	2514826	C++	VirgileHirtz	
3	12.13	3751016	3245812	Javascript	Q12	
3	12.12	1989674	3472892	Python3	Wic	
3	12.12	925956	2444427	C++	Rentus	
3	12.06	4375667	3779561	Python3	Schnork_der_Ork	
3	12.03	827741	3147024	Java	MuineXD	
3	12.01	3190000	4042266	Python3	JoJoLaGuigne	
3	12	1068877	3095629	C#	[CPC]Tamno	
3	11.98	4074336	3744527	Javascript	Sijema	
3	11.98	3726322	3536489	Java	Sh4tun	
3	11.97	1317750	1950424	Python3	zizouvb	
3	11.97	425017	1970657	C#	BlackAillas	
3	11.97	825464	1949146	Javascript	gf3741	
3	11.96	1990452	2048782	C#	Benoit_L	
3	11.96	2400928	1953256	Python3	Gilsidoo	
3	11.95	2042323	2034801	Python3	mana_b	
3	11.93	2740243	2850879	Python3	Rprades	
3	11.93	3101644	2433570	Java	HerrHagner	
3	11.92	231975	3396299	C#	Remoh69	
3	11.92	1806837	2074805	Java	Pecpeck	
3	11.88	1607251	2149184	Javascript	baboulaf	
3	11.88	3748751	4396684	Python3	B4gu3773	
3	11.88	3549127	2627392	Javascript	OscarH	
3	11.83	996606	3662564	C++	Indy	
3	11.83	339813	1971031	Javascript	schleuxy	
3	11.81	3052608	4403536	C#	royal_cheese	
3	11.77	3436857	2475177	Python3	AyrtonEverton	
3	11.75	527749	3152565	Go	Pds	
3	11.71	2108962	3100948	Python3	DeveauP	
3	11.71	2989414	2583313	Lua	[Itep]	
3	11.7	1822120	2999523	C#	Zetosion	
3	11.66	3765838	3003109	Python3	Zorbal	
3	11.63	1620775	2725125	Java	[blank]	
3	11.62	3746807	3827402	Java	Sdidsad	
3	11.6	3967987	3094129	Java	sugam	
3	11.55	1462449	1950291	C++	wackadoodle	
3	11.51	3969571	3093973	Python3	Evigzen	
3	11.45	3197936	3519839	C	Kiseli	
3	11.42	4443172	3942712	Python3	DeepRedOcean	
3	11.39	4268629	3497734	Python3	Garse	
3	11.38	1886665	3223699	C++	Ficek	
3	11.35	1344748	2119363	Java	Enriu	
3	11.34	3050289	2475090	C++	betameta	
3	11.32	2447393	1965235	Java	Arthas_Men	
3	11.32	3322500	2433536	C++	Jaraxus	
3	11.32	1309190	3373199	Go	Ak-Army	
3	11.31	3135677	3334671	Javascript	mohamed25	
3	11.3	3085431	2221006	Java	Arallyd	
3	11.26	4699015	3982833	C++	ClemGrt	
3	11.26	3702076	3527677	C++	Misiodziej	
3	11.25	4168360	3675437	Java	Robertson	
3	11.25	4311998	3738961	Python3	sjulliot	
3	11.23	2939861	3907744	C#	PDRG	
3	11.22	4287874	3519882	Python3	dart28	
3	11.2	3274049	2319684	Python3	Tarleya	
3	11.2	870186	2107302	PHP	Till	
3	11.14	3840675	3000161	C#	FeedThisDev	
3	11.13	3561291	2613250	C++	Tortuga_Grande	
3	11.12	3699033	3223924	C++	Bitwise	
3	11.12	2709791	1962455	Python3	YOMar	
3	11.11	154996	3093429	Ruby	shashwat986	
3	11.09	1892369	1950636	C#	Blackw	
3	11.07	3435733	2475493	Python3	yandl5	
3	11.07	3435765	2583324	C#	AndersonCFSantos	
3	11.07	4120184	3793958	Python3	Jerryr	
3	11.05	1097707	3152149	C#	Davidceto	
3	11.02	3513265	3094180	C++	DaNinja	
3	11	1720510	1971126	C#	DeanTheMachine	
3	11	3735354	3093426	C#	Papy74	
3	10.98	2798530	2220310	Python3	ynotzort	
3	10.98	2538640	3497716	Python3	MrWaldron	
3	10.94	3808804	3147030	C#	10x_programmer	
3	10.94	1343111	2739971	Javascript	Thal	
3	10.93	3970424	3815654	Python3	-TheWalder-	
3	10.92	2576573	2337573	C++	Esmael	
3	10.83	3685362	3040449	Javascript	El_Roel	
3	10.83	1939395	2465627	C++	Feburas	
3	10.83	3511427	3100939	Python3	dan323	
3	10.82	2508635	3097826	Java	hemhel	
3	10.76	2398608	3097828	Python3	M_C	
3	10.74	173928	3519860	Ruby	lacrosse	
3	10.71	3975193	3337312	Python3	ilaniamX	
3	10.66	2868769	3093718	C#	Lionel_	
3	10.64	1892877	2048240	Python3	Filendrick	
3	10.54	4049058	3324391	Python3	Vardodith	
3	10.5	3845610	3057023	Python3	pardouin	
3	10.49	2914600	2209301	Python3	ryguyyyyy	
3	10.48	2525274	2779438	Java	ledainbrice	
3	10.45	4184273	3519861	Python3	edusrmt	
3	10.44	2002555	1952348	Python3	MAXN	
3	10.43	3815413	3101496	Swift	Michael_Howard	
3	10.41	1764053	2048382	Python3	Slooby	
3	10.41	2066077	4278818	Python3	Carlosv2s	
3	10.4	2602804	2983859	Javascript	KamilNych	
3	10.35	3386139	2507204	Python3	MaliciouslyCrypticUsername	
3	10.35	1540478	1960116	Javascript	struct	
3	10.33	3760555	2850867	Python3	benKKKK	
3	10.33	1362473	2333145	Java	Xyz	
3	10.32	3625469	3796264	VB.NET	Crimson_King	
3	10.31	3564009	2606993	Lua	Waffle3z	
3	10.3	1987512	3040452	C#	FreexXx	
3	10.3	2742862	1965344	Javascript	Knoot	
3	10.27	4184123	3519854	Python3	Alan_Vitor	
3	10.26	1934314	2460150	Java	Leech2120	
3	10.24	1861300	3118851	TypeScript	Jakkyl	
3	10.23	3421802	2495357	C#	Esdras	
3	10.19	1823129	2128146	Python3	Spurgule	
3	10.18	2745128	1999813	Python3	dav_clash	
3	10.17	3913528	3093253	C++	HimJ	
3	10.14	915244	3118854	Python3	moon_invader	
3	10.12	1274026	3093339	C#	Sethius	
3	10.11	2742674	1964728	Javascript	JacobGreenslade	
3	10.07	2005500	2019858	Python3	Anciasnapis	
3	10.06	2864670	2085140	Java	aimuotdeiz	
3	10.02	2457083	2331124	Java	Donovan-Bach	
3	10.01	4254592	3579835	C++	Jolly42	
3	10	1512611	1953708	Java	Essigautomat	
3	10	2950376	2656096	C++	MarKes	
3	9.95	2241559	1958614	Python3	eskeln	
3	9.95	1835014	2209789	C	Frits	
3	9.94	3435749	2495359	C++	EricDSM	
3	9.93	1830993	1949397	C#	jpcheck	
3	9.92	2666856	2214143	Python3	PaleBlueDot	
3	9.91	894599	2027028	Java	DidierC	
3	9.9	3980538	3981827	C#	Rastgar97	
3	9.89	4283980	3981921	Python3	ClemZen	
3	9.86	2438011	1965065	C	Findo	
3	9.86	3959384	3921222	Java	DamienCarreau	
3	9.86	2810782	2099790	Python3	KarlPatach	
3	9.85	3969206	4276907	Python3	pinta1212	
3	9.85	2687239	1950292	PHP	Baltilius	
3	9.78	1275641	2338938	C++	Vanidium	
3	9.74	3013125	2192860	Python3	Tartine	
3	9.74	2486442	2505739	Python3	problemlow	
3	9.74	2643826	1948943	Python3	LeoB	
3	9.73	2532837	3093257	Ruby	fauresebast	
3	9.71	2719883	1962484	Java	tho1294	
3	9.7	4725828	4019050	C#	Dede06	
3	9.7	1924712	2587466	Javascript	Buckwich	
3	9.69	2809715	2214141	C#	KrameoLime	
3	9.65	2913627	2466195	C++	GalaxyOwl4	
3	9.53	979354	1965105	Javascript	RomanovX	
3	9.52	2945672	3365303	C#	TrampinAintEasy	
3	9.51	3743137	3095638	Python3	hug.michel	
3	9.51	322737	2997272	Go	Nangini	
3	9.49	3338122	3100941	Java	Hyquare	
3	9.49	3435741	2466196	Python3	Luquier	
3	9.47	1336464	3981721	C++	magaiti	
3	9.44	2005504	2021667	Python3	TomerBG	
3	9.42	1717372	3907740	C#	Daemonn	
3	9.34	3028864	2475075	VB.NET	lorcQc	
3	9.25	3492046	2693404	Java	ohMyBinary	
3	9.24	4093879	3519877	Javascript	martineka	
3	9.24	1540282	3100940	Java	trexplex	
3	9.21	2810750	2214142	Python3	TheBigChicken	
3	9.19	1626173	1964950	C#	DaHackel	
3	9.16	2545048	2679309	Javascript	qwertyo	
3	9.11	1546222	1953591	Javascript	julidon	
3	9.06	2674719	1958622	C#	IvoVargas1	
3	9.03	2401888	2214140	Python3	RubberDuck	
3	9	1184822	2414924	C#	DogByte	
3	9	3162256	2700294	C#	Steffkn	
3	8.88	3039456	2209297	Kotlin	SabertheLost	
3	8.84	3819030	3744531	Python3	S4A3K	
3	8.82	2672516	1965343	Python3	Mallou	
3	8.82	2049306	2019859	C#	Snaken	
3	8.77	3049916	2466200	C#	pnapolitano	
3	8.75	2117202	2693394	Python	bv	
3	8.72	3435771	2655481	C#	namelessLN	
3	8.71	1899051	2291680	Javascript	Mr-D	
3	8.63	2397787	2029541	C#	BenLeGob	
