League	Score	UserID	AgentID	Lang	Pseudo	#multi,count=1998,time=2021-09-09 00:30:08
5	28.05	1186250	3763413	C#	Gabbek	
5	27.98	596425	1654624	C#	Gammel	
5	27.81	598532	1643690	Python	grmel	
5	27.66	542999	1650492	C++	arturgo	
5	27.5	271873	1654422	C#	lionel_fr	
5	27.25	3235897	3365617	Java	Zylo	
5	27.15	2288263	2612247	Rust	dbdr	
5	27.15	155896	1643774	PHP	gamoul	
5	27.06	373834	1643698	Java	Pirquessa	
5	26.9	371603	1643697	C++	martin	
5	26.86	583303	1643857	C#	vzverev	
5	26.78	893541	3159280	Java	wala	
5	26.77	320053	1648592	PHP	Zbug	
5	26.76	2311105	2668199	C++	kovi	
5	26.76	494104	1643686	C++	Recar	
5	26.75	1583206	1757473	C++	simspok	
5	26.71	580424	1647464	C++	siman	
5	26.69	1034635	1857816	C++	SlyB	
5	26.63	2043908	1992844	C++	AntiSquid	
5	26.62	224676	1643856	Python3	Jin66	
5	26.6	171470	1643692	Python	apatrushev	
5	26.55	2457325	1676486	Python3	Darian4	
5	26.42	335818	1661134	Java	TyraEl	
5	26.37	1629259	2493409	C++	Marchete	
5	26.33	154984	1655344	C++	_Royale	
5	26.31	536072	1643691	Java	IKarl	
5	26.3	2906497	2132187	C++	daaskare	
5	26.3	218388	1941448	Java	minioim	
5	26.24	600941	1655426	Python	mrv	
5	26.23	1721506	1643855	C++	jmutz	
5	26.15	1500515	1654623	C#	eulerscheZahl	
5	26.15	566761	1649460	C++	Arcady	
5	26.14	351062	3037721	Java	Neumann	
5	26.11	610994	1643696	Python3	Stan...	
5	26.04	417490	1644248	Java	Alevohin	
5	25.99	2316796	2481117	PHP	Psio	
5	25.98	173315	1643859	C#	xameleon	
5	25.97	1488729	3449946	C++	samrrr	
5	25.92	370485	1810062	Java	K3YM4K3R	
5	25.91	226115	1663335	C++	Nergal	
5	25.78	264258	3055409	Python3	MrFlibble	
5	25.58	805067	1643776	C++	Magus	
5	25.49	221911	1648723	C#	fafl	
5	25.36	773811	2985166	Java	szoti	
5	25.32	403748	1643694	C#	[CG]SaiksyApo	
5	25.25	335954	2266277	Java	nmahoude	
5	24.88	156188	1643777	PHP	DorianWilde	
5	24.85	591102	2406074	C++	takapt	
5	24.83	2376044	3815888	C++	NecroSchmurf_IV	
5	24.78	154364	1655466	Python	EtienneS	
5	24.61	353884	1731016	C#	parsley	
5	24.54	1071140	3756386	C#	BeberLeNewbie	
5	24.52	248263	2478562	PHP	NewboO	
5	24.49	2242201	3058124	C++	Maryan	
5	24.38	527749	1654992	PHP	Pds	
5	24.32	579894	1644208	C++	Binarii	
5	24.31	735910	1643858	C++	Agade	
5	24.24	329200	1655318	PHP	BlitzProg	
5	24.05	1077559	2456387	Java	PhOeNyX	
5	24.04	220353	2407440	C++	redvasily	
5	24.03	841085	1757475	C#	Risen	
5	24.03	511125	3058121	C++	Arrekin	
5	23.96	578579	1676410	C++	Gareth	
5	23.9	195088	1653283	C++	Jopie64	
5	23.81	1417238	2984834	Java	titou	
5	23.81	226528	1644325	Java	Manwe	
5	23.75	527739	1650490	Python	i_v_a	
5	23.74	2006324	1993052	C++	SihardeOussama	
5	23.65	416648	1643687	Ruby	dyatlov	
5	23.52	2036356	3051695	C#	Choumanboy	
5	23.37	668954	3386459	C++	Fluxor	
5	23.35	372648	1649736	Java	Attractive	
5	23.35	1753077	3058123	Python3	codingWhale	
5	23.32	536400	1643775	C++	Atmel	
5	23.32	540182	1643695	Go	karalabe	
5	23.3	172859	2406354	Java	DontRelaX	
5	23.15	593099	1657113	Java	Maldo	
5	23.14	153557	1655044	Java	ISMAX	
5	23.09	1751467	3058122	Python3	Une_Vachette_du_31	
5	23.04	362825	3756388	C#	bouh	
5	23.03	233734	1650439	Python3	Delgan	
5	23.01	595812	2406073	Java	OSS117	
5	23	447079	1650491	Python3	slonick	
5	23	204179	1648525	Javascript	resistcorp	
5	22.99	2968035	3470164	C++	DomiKo	
5	22.96	1314316	2468095	Python3	jolindien	
5	22.96	788361	3386460	C++	Bob	
5	22.95	336685	3058125	Java	JulienBe	
5	22.93	1135573	1757477	Java	SotirisKentros	
5	22.86	1175343	1655464	Javascript	Hankerspace	
5	22.72	1201796	1652326	Javascript	P.Greze	
5	22.67	154967	1661334	Python	trnsnt	
5	22.67	1167615	3756387	C#	TylerDurden	
5	22.51	1399382	2493263	C#	Regulus136	
5	22.44	304442	2407441	PHP	PepeBzH	
5	22.38	274730	3386420	Python	TVS	
5	22.21	389175	1729025	Java	Folkenn84	
5	22.19	433062	1655317	Java	hoshi524	
5	21.96	608132	2132173	C	seiji	
5	21.9	153057	1731207	PHP	PierralF	
5	21.9	1584802	2263376	C++	emh	
5	21.77	439478	3069624	PHP	mavrsky	
5	21.53	3939089	3069623	C++	CuteLittleWolf	
5	21.5	155887	1655465	Javascript	BanBan	
5	21.46	589882	1656021	Perl	Lawrr	
5	20.86	153045	1757474	Python	nib	
5	20.42	505014	3449948	Java	Theo	
5	19.86	186179	2407443	C++	Nagrarok	
5	19.81	837350	2406359	Python3	BorisZ	
5	18.76	404357	1649735	C++	Tibo669	
5	18.67	406132	2132051	C++	ManuDev	
5	15.79	1756952	1650812	C++	Petras	
5	6.53	207714	2406355	Scala	TrueLaurel	
5	6.19	2396169	1650754	C++	Emaginidoc	
4	25.08	193315	1635252	Java	hau	
4	24.82	498616	1635205	C	irhc	
4	24.77	1540394	3014602	C#	LVdA	
4	24.76	153062	1767018	Java	Guian	
4	24.6	2990918	2646688	Javascript	Dingodino	
4	24.55	1753424	1655953	C++	FilkinKuiv	
4	24.53	3622757	3011001	C++	anid	
4	24.38	349313	1635570	C#	Orpheus	
4	24.37	1978320	1762622	C++	MoonAntonio	
4	24.36	520249	1642279	C++	gr3go	
4	24.36	1673512	2664382	C++	Ryoken	
4	24.3	259057	1635415	Java	GuillaumeLAURIE	
4	24.3	1378958	1643847	C#	Illedan	
4	24.29	218189	1653385	Python	[CG]Maxime	
4	24.28	1162034	2052448	Python3	krakeusz	
4	24.24	564985	1635233	C++	Adhin	
4	24.22	1170641	1647553	C	ioncodes	
4	24.18	154342	1635240	Python3	MercuryWood	
4	24.18	1400179	1661344	C++	reCurse	
4	24.17	1131084	1635412	C#	pmod	
4	24.15	397162	1635282	Java	tchook	
4	24.12	389690	1857558	Python3	EWP	
4	24.11	615971	1646126	C++	Krot	
4	24.1	519788	1635644	Java	Blackout	
4	24.05	1717962	1857555	C	Angryshark	
4	24.03	576740	1857554	Java	Bichop	
4	24.03	1479930	2267432	C++	LeRenard	
4	23.99	366755	1635249	Java	BezrA	
4	23.95	1747292	1661792	Swift	CodeReaper	
4	23.84	2989322	2148328	C++	DatUnicorn	
4	23.82	535961	1635486	Java	litel	
4	23.77	2407144	1852048	C#	Damokl	
4	23.77	523566	1636944	PHP	Zorck	
4	23.72	472513	1646232	C++	Fatall	
4	23.69	392581	1635228	Java	goq	
4	23.67	1673971	1767133	Java	Lanken	
4	23.63	3533119	3026855	Python3	wlesavo	
4	23.63	357847	1857566	C#	fintalex	
4	23.62	409330	1642459	Java	Hillkorn	
4	23.59	271097	1641918	Java	SanduLungu	
4	23.58	1072938	1635243	C	G.Gery	
4	23.58	3544276	2610005	Python3	nidup	
4	23.58	1390789	2451705	C++	Matthieu.L	
4	23.49	236902	1636091	C++	Tryum	
4	23.47	2924895	2637788	C	trictrac	
4	23.44	596125	1635905	Go	Ombedor	
4	23.38	1664044	1635413	C++	BUG	
4	23.37	240454	1652216	C#	Mikkanu	
4	23.32	2424911	2142897	C++	vuolankoinen	
4	23.31	360857	1676355	C#	Tibler	
4	23.28	2093395	1758851	C++	VadimKuznetsov	
4	23.24	332450	1641217	Java	Athons	
4	23.19	490905	1635870	Python	lechium06_	
4	23.17	4336530	3700981	Python3	HakkiAkut	
4	23.08	2133361	1771553	C++	VadimKuznetsov1	
4	23.06	4022767	3385088	C++	timaslabas	
4	23.05	1634195	1646124	C++	k.ab	
4	23.04	1357785	1635864	Python	DefaultAI	
4	23.03	529276	1635273	Java	whiteChess	
4	23.03	1106809	1642277	C#	Mashtullah	
4	23.03	3807227	3018437	C++	GaryAflalo	
4	23.02	3903319	3812873	C++	aymane211	
4	23.01	1489865	2417790	Python	EricSMSO	
4	22.98	596947	1771552	C++	LBandy	
4	22.98	420341	1857551	Java	Cactus	
4	22.94	155777	2051891	Java	Fab	
4	22.93	513456	1650281	Python	nwin	
4	22.89	567368	1635572	Javascript	ByteBliss	
4	22.86	155928	1635869	C	pk	
4	22.84	4216700	3702426	Python3	DogukanSENER	
4	22.84	2762653	2310778	C++	RAAAT	
4	22.84	1526243	3515190	Python3	ash2620	
4	22.84	540198	1636042	C#	SLavaLL	
4	22.83	855824	1635868	Python	VoxMortem	
4	22.83	255851	1635353	Go	bolilla	
4	22.79	3101644	2483496	Java	HerrHagner	
4	22.78	305790	1635645	Java	Bertrand88	
4	22.77	2708342	2031294	C++	HIWA	
4	22.72	489078	1635280	C++	enot	
4	22.71	1588918	1664385	C++	Svenskaren	
4	22.7	754792	1729043	C++	Ramdeath	
4	22.69	4358474	3691970	C++	matteo.lupica	
4	22.68	1176700	1647004	C++	HL	
4	22.67	273064	1635352	Java	ma2	
4	22.65	162669	1635244	Python	Gangrene	
4	22.63	567404	1650283	Python	sash	
4	22.61	157377	1795823	Javascript	McKelian	
4	22.6	3167968	2421545	C++	Master_Zain	
4	22.58	198916	1852466	Java	WhatTrickeryIsThis	
4	22.57	435097	1866133	Java	IMost	
4	22.52	1807088	1855544	Java	TopTyp2	
4	22.52	938449	1635253	C++	GalaxyNET	
4	22.46	4235414	3677241	C++	RamazanHalid	
4	22.46	1390607	2184563	C++	Ivan_Derzhylo	
4	22.44	1520245	1647311	C	kintdev	
4	22.38	614553	1635250	Python3	Dz5	
4	22.36	4281608	3674001	C++	seren_karaseyfioglu	
4	22.28	399039	1635485	Java	psign	
4	22.23	2572485	1866180	Ruby	DGynn	
4	22.17	186225	1652989	PHP	bob1	
4	22.17	230756	1641267	Java	MickaelV	
4	22.15	1743393	1857557	C++	Yudzhin	
4	22.08	200624	2577038	C++	Alnef	
4	22.08	2576701	2634926	Python3	LustOne	
4	22.07	2330513	1636989	C++	OldBeaver	
4	22.06	476659	1676373	C++	Beard	
4	22.05	1179950	3705537	C++	Patorikkuyatta	
4	22.05	155939	2616756	C	xylo	
4	22.03	2254195	1857561	Python3	BrunoFelthes	
4	22.02	1189679	1650282	Python3	Wayde	
4	21.98	978182	1635574	C++	Capricornus	
4	21.97	1073247	1852050	C	_NikJ	
4	21.97	488323	2251108	Python	Noxitu	
4	21.96	499753	1646125	C++	Jonas1	
4	21.93	512191	1635484	Python3	Tiber	
4	21.92	3973359	3688698	C++	KAbel	
4	21.91	573138	1762621	PHP	drazel	
4	21.91	2731276	2066767	C++	panda42	
4	21.89	395576	2983148	C++	djedje	
4	21.87	279452	1646128	C++	mangoose	
4	21.86	323893	2609936	Java	Onjanirina	
4	21.86	1707377	2610004	Python3	Colgate-Blancheur	
4	21.84	638784	1935352	Python3	Yqnn	
4	21.82	610934	2118186	C#	y_kawano	
4	21.82	1369177	1653386	C	PernicN	
4	21.81	2073179	1646233	C	Biwere	
4	21.8	831726	1654741	C	XprophEtX	
4	21.8	581921	1857567	C++	GuyBol	
4	21.78	920987	1656336	Python3	redna70	
4	21.77	162982	2418460	Python3	Dami-e	
4	21.74	1898847	2310761	C	faga	
4	21.73	548796	1655954	Java	dbaret	
4	21.7	1353669	1646234	Python3	XAnimaX	
4	21.69	1327028	1655950	C	FredericBautista	
4	21.68	1728288	1663707	C#	MOLP	
4	21.67	1303554	1660586	Python3	Diheuheu	
4	21.66	4370923	3700979	C++	xxlee	
4	21.65	154078	1656311	C++	Yahya.Elfakir	
4	21.62	200239	1851986	C++	rafirafi	
4	21.55	4248565	3514776	C++	Mc_Monkey	
4	21.54	1857772	1865570	Python3	darkange69	
4	21.5	583999	1855543	Java	dtaka	
4	21.5	236381	2483495	Ruby	KtorZ	
4	21.5	636650	1635866	Java	Sin	
4	21.49	857521	2103261	C#	MrAnderson	
4	21.47	4036060	3707279	C++	King_Coda	
4	21.47	597560	1650284	C#	DarkWaw	
4	21.46	970195	1771551	C++	Elbanono	
4	21.44	155924	1635237	Java	yvesmocq	
4	21.42	1511501	1652215	Python3	FurryWilde	
4	21.42	4205342	3480777	C++	OreoMunchy	
4	21.39	1734039	1653383	C	ProfJack	
4	21.37	1229284	1660587	C	Prajyoth	
4	21.37	971715	1857564	Python3	mbarkizied	
4	21.36	925695	2120560	OCaml	Boulet	
4	21.36	624308	2131968	Java	nosnosnos	
4	21.34	198268	1636990	Perl	newrare	
4	21.33	3921345	3118297	C++	JFP81	
4	21.31	4371186	3698802	C++	0x33f	
4	21.3	780240	1852468	C#	Manners	
4	21.27	886483	1730451	C	R4N4R4M4	
4	21.23	1418821	1646231	Lua	input.txt	
4	21.23	3844073	3698768	C++	berketurk	
4	21.22	1944090	2066766	C#	spaceorc	
4	21.21	1049935	1853951	C++	Azkellas	
4	21.21	1470031	1866134	Python3	gandalf	
4	21.21	153927	2586530	C++	Cubix	
4	21.19	270402	1635239	C++	ethanOl	
4	21.19	655061	1653387	Java	replix	
4	21.16	4334077	3737063	C	Paul_Demanze	
4	21.11	1506967	1866135	Java	Misterjony	
4	21.09	288082	1866136	Python3	dethi	
4	21.09	1065038	1635575	Python3	Mohamed_Choaib_Assoualma	
4	20.94	877820	2249913	Java	Kaskad	
4	20.91	212111	2609938	C#	plopi	
4	20.89	1354295	3052368	C++	AbdullahKhawer	
4	20.89	575240	1865571	Python	7unar	
4	20.82	1225196	1646123	Python	Pepetroo	
4	20.8	1635357	2983149	Python3	GiB	
4	20.71	1333869	1852047	Python3	kiwijam	
4	20.59	616278	3515434	PHP	gny	
4	20.46	492466	1653384	Java	Led	
4	20.46	411147	1857565	C#	HunterX	
4	20.42	3337117	2586546	Python3	timbersson	
4	20.38	579708	1857562	C++	Blackclaw	
4	20.32	594072	3436933	Ruby	Dimancheg	
4	20.26	233834	1652218	Python3	Herumor	
4	20.25	553938	2479781	C++	MagAlex	
4	20.13	1570610	1926464	Python3	Simplyzero	
4	20.09	154348	3069240	C++	ProYd	
4	20.08	4201924	3480706	C++	Aaron7	
4	20.05	194467	2133781	C++	funkeejeffou	
4	20.04	1201118	2983150	Python3	Til	
4	20.02	512097	1852049	Haskell	Stilgart	
4	19.98	1931965	2707020	Java	MarcinK	
4	19.96	495410	3753934	Python3	alisnake	
4	19.95	1304566	1857550	Python3	_nrg	
4	19.9	4373893	3736997	TypeScript	Henk_NL	
4	19.84	1920780	2983147	C++	WagnerGascho	
4	19.8	394900	1636992	Go	apposite	
4	19.75	569236	1865573	C#	0xDEADBEEF	
4	19.61	2021126	2421546	Ruby	FPSCUBE	
4	19.53	608934	3691971	C#	SlehChoura	
4	19.53	3657937	3678093	Python3	elderlybeginner	
4	19.48	475818	3764924	Java	Boutss	
4	19.46	655207	2983146	Java	tam	
4	19.34	1127783	1852046	Python	zouzou	
4	19.32	1759839	2572550	Python3	matleg	
4	19.27	629202	3069241	Java	Larry	
4	19.23	457992	3765095	C++	clojure_addict	
4	19.21	576268	1635248	C++	Dimas	
4	19.18	1277971	1642460	C	Tudi	
4	19.17	677727	3765064	PHP	Ingvar	
4	19.15	347894	3510205	Python3	baloo	
4	19.09	375688	1865569	Java	fcgb87	
4	19.01	1853999	2051890	C++	Rounddice	
4	19	255061	1857563	C++	carlop	
4	18.98	533238	3515115	C#	Pr3toria	
4	18.97	830918	1650637	Java	lenus	
4	18.89	318943	2418047	C++	skekses	
4	18.86	499209	1635573	PHP	Tom85	
4	18.85	463873	3515114	Python3	tanakat01	
4	18.84	153698	1652214	Java	obourgain	
4	18.81	1272263	2982798	Python3	Caled	
4	18.8	1590284	2685261	Java	tbenoist	
4	18.78	566731	1857556	Python	fbparis	
4	18.78	307013	2610006	Python3	Elbarto	
4	18.76	2815558	3765065	Lua	EvilDuck	
4	18.72	594697	3559858	C#	dimulien	
4	18.67	3651427	2692015	Python3	Stoub	
4	18.66	1326137	3515406	Javascript	Pyroptere	
4	18.63	848017	1852045	Python3	t4g	
4	18.6	572189	1852467	Python	Ludic	
4	18.6	1060181	3515432	Ruby	Dabou	
4	18.57	1480501	3515357	C++	DaFish	
4	18.53	201919	3765097	C++	LouJo	
4	18.53	512232	1868335	C++	vince	
4	18.37	1854246	3765631	C++	Counterbalance	
4	18.13	1158238	1745908	Python3	Veka	
4	18.03	411945	2586529	C++	Ripoder	
4	18	588426	3710212	C++	Jeff06	
4	17.91	1753072	3042553	Python3	MrOne	
4	17.79	616339	2483497	PHP	AlexeyRastaturin	
4	17.68	184051	3765094	Python3	Jl1	
4	17.67	574268	1851519	Java	smrycek	
4	17.46	595381	3764876	Python3	PuppetMaster	
4	17.31	383821	1937172	Go	gcapell	
4	17.11	1705176	3069239	Python3	Jabba_Hatt	
4	16.96	500558	3765096	C++	Rosa	
4	16.82	576525	3515433	Javascript	cmoetzing	
4	16.8	2233179	1857552	C++	Samsa	
4	16.65	222665	2682660	PHP	borrel	
4	16.59	543653	2617198	C#	Zinal	
4	16.55	543181	1865572	Java	dominisz	
4	16.39	978300	2686067	Go	AngryHamster	
4	16.05	3061676	2185198	Java	Hhh	
4	15.14	311035	3515358	Python3	leojean890	
4	13.8	1244740	2262164	Java	Tenos	
4	13.25	4216649	3697133	C++	Alperen_Kacmaz	
4	12.34	300356	1635238	Clojure	RedDeckWins	
4	12.26	281777	1635225	Clojure	Soreine	
4	10.25	3704528	2694030	Java	Lumpy15	
4	9.8	1347645	1656920	Kotlin	Wick3d	
4	6.57	1490383	2253165	Kotlin	arkwaw	
4	5.87	4351649	3686452	C++	Metagn	
4	4.98	409202	1661538	Javascript	Ammonite	
3	25.02	1829569	1861075	Python3	[0___0]	
3	23.81	419611	1628902	Haskell	grahf	
3	23.68	599367	1629242	C#	Soku	
3	23.68	828213	1628840	Go	anst	
3	23.67	512052	1628850	Java	maxime	
3	23.66	571125	1629294	C#	Druzil	
3	23.66	1782814	1629129	Python3	Trilusion	
3	23.66	3774295	3700972	Python3	onurataasar	
3	23.65	154986	1629219	C++	Olayinka	
3	23.63	574513	1629175	PHP	Yassin	
3	23.63	1572888	2132791	Python3	DirtyHarry	
3	23.62	585141	1629286	Python3	RickSanchez	
3	23.6	572830	1629170	Java	consuLion	
3	23.6	796237	1628802	C++	Bobran	
3	23.59	4395858	3775777	Java	SaidAouani	
3	23.59	997727	1629211	Python3	Monolitum	
3	23.57	593523	1628964	C++	supermassive	
3	23.56	2195528	1753848	C++	MrWhite	
3	23.55	1287054	2131861	Java	Sagremor	
3	23.54	1566179	2676999	C#	ArcaneSaint	
3	23.53	1630890	3808152	Java	Wld	
3	23.52	2401888	1641162	Python3	RubberDuck	
3	23.52	3035070	2481653	C#	Ipso	
3	23.52	580047	1628960	C++	nqngo22	
3	23.5	3755755	3070005	Python3	AAhmed9	
3	23.49	3226448	2840008	Python3	tobk	
3	23.48	153810	1629177	Java	Vrexu	
3	23.47	1624567	1628821	Python3	DTA	
3	23.46	578577	1629161	Python3	Alastair	
3	23.46	1112163	1628852	Python3	JaredReimer	
3	23.46	1001096	1628867	C#	MyIIone	
3	23.45	304126	1628851	PHP	kami	
3	23.45	1921687	3390061	Python3	Black-Born	
3	23.4	215994	1629102	Java	lefredj	
3	23.39	557990	3587404	C++	Wazemo	
3	23.39	1764427	1629045	Python3	mastercode	
3	23.37	567101	1629275	Python	cmind	
3	23.3	2274751	1937200	C#	Djaydream	
3	23.29	1125706	1628986	Python3	Saillou	
3	23.29	604278	1628849	Python3	tanao	
3	23.26	256955	1628868	C++	cup_of_tea	
3	23.24	233627	1629030	Javascript	SlipOne	
3	23.24	1703255	1641993	Python	Titanmito	
3	23.23	625374	1628836	Java	Edouard	
3	23.23	843126	1628874	Python3	ItsBuddha	
3	23.23	231849	1629238	C#	Valcriss	
3	23.21	153095	1628835	C++	Blabla404	
3	23.2	776401	1628949	C#	mshogren	
3	23.17	238747	1629184	PHP	defkrie	
3	23.16	155762	1629237	C#	BabelO	
3	23.16	1483723	1629293	C#	d-s-x	
3	23.15	1529396	1629222	Python3	ulukai	
3	23.12	1478706	2604110	Python3	The-Dude	
3	23.1	583694	1629000	C#	Ehau	
3	23.03	566784	1629700	Python3	vScourge	
3	23	1588135	1665421	Swift	bjurner	
3	22.97	567357	3061164	Python3	Pagafantes	
3	22.97	745200	1629297	C#	EraserIMP	
3	22.95	1640371	1628903	Python3	Rx-K1NG	
3	22.93	393267	1629262	C#	M-Graf	
3	22.91	4370148	3697395	Python3	sd3123	
3	22.89	925333	1629284	Java	aseweryn	
3	22.89	515501	1628967	Python3	Karol	
3	22.84	2179805	2103217	Python3	_La_Pulga	
3	22.81	848394	3369771	Java	schwarzahl	
3	22.81	811004	1868292	C++	tarte7	
3	22.8	2097688	1628963	Python3	machinegun	
3	22.77	153667	1628956	Java	tocose	
3	22.73	495198	1628853	Java	Maskimeee	
3	22.7	1206537	1934863	Ruby	MadKnight	
3	22.7	163957	1629099	PHP	youser	
3	22.7	540241	1628823	Python	ADD	
3	22.7	565786	1629305	Java	2mnyzs	
3	22.69	2065521	2620852	Java	igolus	
3	22.67	1408361	1629296	C++	[CPC]Cwningen	
3	22.62	474673	1629043	Python	eXod	
3	22.59	698825	1629172	Ruby	GreyMan	
3	22.57	2336652	1628787	Java	Syldup	
3	22.48	154393	1628898	C	Sababo	
3	22.48	389632	1629241	Python	ma	
3	22.45	1059355	3676798	C#	GrantWard	
3	22.38	590875	3523094	Java	Ragusnik	
3	22.38	1066745	3421632	Python3	DepartmentOfRedundancy	
3	22.37	1061242	1629212	Python3	martinpapa69	
3	22.32	4220709	3701134	Python3	irem_Bulut	
3	22.27	904209	3152062	Python3	Myrtille44	
3	22.26	237837	1629231	C++	Zcool	
3	22.24	535652	1628839	C++	Major_Axe	
3	22.23	409126	1629055	Python3	EpicSound	
3	22.19	4237596	3701527	Python3	M.Jackson	
3	22.18	2470181	1668826	Python3	Insiflap	
3	22.15	619211	1628859	Java	Thrain	
3	22.15	1470927	3789344	Python3	ClementAvenel	
3	22.15	464971	1629002	C++	PsyGuy66	
3	22.13	426463	1628916	C#	Nog	
3	22.1	600189	1628856	C++	ahrimen	
3	22.07	573535	1628800	C++	Indigo	
3	22.04	1282167	1628959	Python3	Spaceninja	
3	22.02	1188212	1629182	C	superredlark	
3	22.02	1411649	1629021	C++	Levatol	
3	22.01	508169	1854105	Python3	Corrosif	
3	22	806157	1628854	Python3	Aveuh	
3	21.97	1273026	1629230	Python3	BenZubrow	
3	21.96	608249	1629022	C++	Ironmagog	
3	21.94	369445	1629187	Java	Yayatest	
3	21.92	153965	1628945	Python3	Keelhaul	
3	21.91	1122412	1629040	Java	TheNinja	
3	21.89	610265	1629044	Java	Chunf	
3	21.88	2898291	2089926	C++	m.zahniser	
3	21.86	1161312	1838093	Java	snowkk	
3	21.85	345075	1628988	C++	fistouille	
3	21.85	203779	1629153	C++	guille1304	
3	21.78	226551	1628869	Python	dzemeuksis	
3	21.76	2997102	2256551	Python3	[SSS]Nass	
3	21.75	528262	1629169	C++	Niii	
3	21.72	3229444	2361865	Java	SimonThomasIMT	
3	21.62	224044	1629301	Javascript	sokol815	
3	21.53	692317	1629562	Java	Ozzie	
3	21.45	564290	1629264	Ruby	mainge2036	
3	21.43	627619	1628801	Javascript	yurass	
3	21.42	592770	1629194	Java	zootsuit	
3	21.38	1423059	2349158	C++	player1000	
3	21.37	607757	1628955	Python	klawz	
3	21.32	927190	1628805	C#	Bruno.Belmondo	
3	21.28	155856	1629208	Java	simovitch	
3	21.26	580270	1628922	Ruby	Zysygy	
3	21.26	1579924	1629088	Python	sourlime	
3	21.24	379413	1628969	Java	Willim_1985	
3	21.23	507151	1629068	C#	Galdor	
3	21.22	363783	1629150	Java	iahmed16	
3	21.22	587313	1629186	C#	o4815162342	
3	21.21	1846698	1642650	C	biz	
3	21.2	233077	1628968	C#	adhie	
3	21.18	564760	1628895	Java	Stakix	
3	21.18	1001661	1629889	Java	Friendly_Lama	
3	21.17	1093968	1629157	Java	milosMATRIXrepic	
3	21.17	611144	1628907	Java	jblesage	
3	21.16	1341520	3504008	Java	egaetan	
3	21.13	525827	1628818	C++	Pavel	
3	21.13	552142	1629236	Python3	szunyog	
3	21.13	153683	3535567	Dart	40R15T3	
3	21.11	1105817	2652087	Python3	MaximeF	
3	21.1	406152	1628990	Java	TiarinBlate	
3	21.09	600400	1629174	C++	Wiltube	
3	21.08	231109	1628806	C++	Stuffer	
3	21.08	1498154	1628832	PHP	AlexanderSuvorov	
3	21.07	1211965	1664491	C++	B0b	
3	21.07	330929	1629006	Java	shilov	
3	21.06	1251381	1629193	Java	ZepHead	
3	21.06	3023385	2145577	Java	FrostyItalian	
3	21.06	467193	1628954	Java	pin72	
3	21.04	1188110	1628830	F#	trllnd	
3	21.04	1859646	1629836	F#	AlWerewolf	
3	21.03	389786	1631229	Java	menu	
3	21.02	602546	1628834	C++	Platinator	
3	21.01	155774	1675164	PHP	dwarfie	
3	21.01	224325	2667319	Java	TidyMaze	
3	21.01	223190	1629306	C++	lxk	
3	20.99	607941	1629291	Python	kardaj	
3	20.98	438018	1628861	Javascript	trekiteasy	
3	20.98	379604	1629205	Java	FreshApple	
3	20.98	425114	1629191	C++	gluk47	
3	20.98	159880	1628995	Haskell	Aries	
3	20.97	3035808	2473736	C#	PinpinLeLapin	
3	20.97	1236769	1636342	C++	ualogic	
3	20.96	651928	1629245	Java	bokaj	
3	20.95	403411	1628822	Python	andresnds	
3	20.95	584403	1628989	C#	nesnes	
3	20.94	1500320	1629784	Ruby	Proch	
3	20.9	314360	1629168	Java	rta	
3	20.89	582173	1629180	PHP	frost	
3	20.89	573407	1629121	Ruby	Chicho	
3	20.89	278144	1628863	C++	SerenityTn	
3	20.88	579961	1628813	Java	ArcAngel	
3	20.87	4064669	3235463	C++	Arunas45	
3	20.87	386721	2417290	Javascript	Scareware	
3	20.87	173805	1629152	C#	Storm	
3	20.86	683803	1629304	Java	Makosblade	
3	20.86	522667	1628814	Python3	Touax35	
3	20.82	3726978	3024693	C++	VirtualAtom	
3	20.81	1531874	1629181	Python3	Raven_Darkhold	
3	20.8	404777	1628994	C++	Joodoc	
3	20.79	154002	1629232	Java	sweet77	
3	20.77	576244	1629084	Javascript	ElFoG	
3	20.76	382244	1629085	Java	Albatarm	
3	20.76	568754	1629140	C	Cyrano	
3	20.75	549583	1629207	Javascript	malko	
3	20.7	544285	1629081	Python	Vhaeraun	
3	20.7	385014	1629056	Java	nmallott	
3	20.65	1317750	1629831	Python3	zizouvb	
3	20.61	3350595	2358619	Java	gumast2	
3	20.61	1754295	3139082	Rust	SF	
3	20.61	445413	1628837	Java	Vorbiss	
3	20.6	153661	1629125	Python3	Lionel	
3	20.59	1007939	1629018	Python	Poruk	
3	20.54	222586	1629203	C++	Scarak	
3	20.53	462092	1629556	Java	pims	
3	20.53	1520827	1629783	Java	IcedCapp	
3	20.52	1750493	1634452	Java	Uxof	
3	20.51	495252	2610510	Python3	PXke	
3	20.5	1447872	1629240	Python3	mike-perdide	
3	20.47	1815583	1873437	C++	HarderTilt	
3	20.46	267148	1628797	C#	d3dave	
3	20.46	586906	1629092	C++	tetonator	
3	20.42	2522090	2849326	C#	MSmits	
3	20.4	321382	1629046	Java	l-lin	
3	20.39	2096064	1628815	Python	xiao.sha	
3	20.39	406480	1629204	Java	Nycalv	
3	20.39	3230794	2265489	Python3	tutubalin	
3	20.38	248736	1628938	C++	firsni	
3	20.38	1953786	1641486	Python3	ludowsky	
3	20.38	612750	1629026	C#	DrXela	
3	20.38	608908	1629164	C++	CRN	
3	20.37	909992	1628992	C++	PluC	
3	20.37	567777	1628943	Java	GTS	
3	20.36	529211	3682046	C++	Sagara	
3	20.34	546823	1628847	C++	Mo	
3	20.33	200367	1629893	Java	ecc	
3	20.33	518531	1629098	Java	Meriouma	
3	20.32	2257917	1631014	Python3	CainKellye	
3	20.32	221573	1629053	C#	TiTi	
3	20.31	403447	1629096	C#	Jokeen	
3	20.3	1314796	1855367	C++	JBence	
3	20.3	616818	1629019	C	kaystream	
3	20.29	166340	1629276	Java	ebalsa	
3	20.29	3832701	3307357	C++	SiloraKas	
3	20.29	250398	1628970	C	Otherend	
3	20.29	952784	1629567	C++	[CG]Simon	
3	20.28	404560	1630361	Ruby	Uquu	
3	20.27	1727322	1628786	Python	pyjama	
3	20.27	4153396	3403337	Python3	Celtis24	
3	20.27	1841051	1826147	Python3	0xbeefed	
3	20.27	351385	1628966	PHP	fabmarcant	
3	20.26	599411	1629190	C++	Colehour	
3	20.26	440476	1629278	Ruby	yowa	
3	20.26	490587	1628991	Java	dima_nah	
3	20.25	2158904	1628831	Python	ChouBaGuai	
3	20.25	3245236	2622541	Java	gumast	
3	20.25	4369852	3700880	Java	dabaniyastiarzu	
3	20.25	154047	1629082	Java	toutantic	
3	20.25	1760772	2055635	Python3	Tarannon	
3	20.25	792813	1628825	Python3	VilBoub	
3	20.24	3742936	3431801	Python3	David26	
3	20.24	576044	1629290	Go	Roy	
3	20.23	1361939	3146216	C	Tof0986	
3	20.23	545951	1628838	C++	AntonT	
3	20.22	1029602	1670192	C	Potemkine	
3	20.21	395213	1629165	Java	NBS	
3	20.21	412868	1629192	Java	rako	
3	20.21	594484	1628972	Java	Midgard	
3	20.21	1262443	1629162	Java	zdzisiekcom	
3	20.2	4248327	3679900	Python3	VolkanKALIN	
3	20.19	1959012	2496581	Python3	BradDarcy	
3	20.19	1364613	1629195	Java	DudeXIII	
3	20.19	1426548	1629946	C++	MasterJos	
3	20.19	1307473	1629163	C++	Evgenykz	
3	20.17	441955	1629572	Ruby	utrai	
3	20.16	925331	1629568	Java	jedenpies	
3	20.15	561353	1629569	C++	simezitan	
3	20.13	783688	1629235	Python	axx	
3	20.12	538401	1629234	C#	Llama	
3	20.12	793429	1628860	Java	SoEasy	
3	20.11	1390227	1994343	Javascript	scorbiere	
3	20.09	662240	1629202	Java	johnchimpo	
3	20.08	3421800	2489203	C#	Ackherst	
3	20.03	1416725	1629024	C	BayashiPascal	
3	20.02	273876	1629059	C#	SirSushi	
3	20	468740	1629225	C#	fcrovo	
3	20	606577	1629198	Java	pr0crastinator	
3	20	873958	1629017	C#	cheeser	
3	19.99	309926	1629020	C++	Astropong	
3	19.98	1227762	1628776	Python	rFlo	
3	19.97	1799388	1643471	C++	Wolfpacker	
3	19.97	1566335	1629939	Java	BeardedWhale	
3	19.92	153074	1629183	Python	TangiX	
3	19.92	973040	3126137	C	papyjo	
3	19.91	3721214	3710808	C++	jrke	
3	19.9	579851	1629881	Java	AlexWimer	
3	19.84	753403	1629551	PHP	bubu	
3	19.82	2188668	2152280	Java	ZachRich	
3	19.78	1422880	1629080	C++	loginius	
3	19.77	3513265	3475252	C++	DaNinja	
3	19.72	1423070	1628865	Python3	DarkRider	
3	19.71	3775656	3003375	Python3	Folichon	
3	19.69	3643623	3159943	C++	martisBU	
3	19.67	596442	1628939	Java	shoehmi	
3	19.59	1555765	1629185	C#	DewJunkie	
3	19.58	521440	1629196	C#	Obyguane	
3	19.57	603972	1629189	Javascript	Gwym	
3	19.57	153327	1629148	Java	Ayb.BH	
3	19.56	223576	1629048	C#	laveugle	
3	19.55	589671	1631419	Python3	sorted	
3	19.54	1046481	1629944	Java	mwalczyk_kpolkows	
3	19.5	385699	1629563	Go	Nikai	
3	19.5	278769	1629023	Python	geays	
3	19.48	1802967	3173817	Python3	Meruem	
3	19.45	566019	1629130	Java	MisterParamount	
3	19.45	3061962	2190137	Java	JaniDemiri	
3	19.45	604167	1629279	Go	chango	
3	19.37	869440	1629050	PHP	pjonckiere	
3	19.36	174247	1628828	C#	ACE	
3	19.35	674383	1629876	Python	wiredrat	
3	19.34	532614	1629891	C++	hun	
3	19.33	4447108	3790393	C#	MonkeyFeathers	
3	19.32	697152	1629100	Java	Bander88	
3	19.31	1528274	2994302	Ruby	BlanCap	
3	19.29	282536	1629559	Java	Atn	
3	19.29	3967856	3319245	C++	Leipz313	
3	19.27	340057	1630473	C++	Bernard	
3	19.25	2098675	1628965	Javascript	ktilcu	
3	19.25	1480384	2081875	C++	RockyMullet	
3	19.24	279947	1630102	Python3	zzz	
3	19.24	1238934	1631155	C++	accorp	
3	19.23	542797	1629209	C++	Kromzer	
3	19.22	2923506	2508053	C++	darkhorse64	
3	19.22	1981732	1628816	F#	MJS	
3	19.22	2165980	1660081	Java	Beub	
3	19.22	445482	1629051	C#	AlexMatrosov	
3	19.21	3501078	3146268	C++	neda02	
3	19.21	938678	1628798	Java	JDU	
3	19.2	2605855	3307322	C	logiqub	
3	19.2	557435	1629289	Java	Othman	
3	19.19	155920	1630980	Bash	t2_cyborg	
3	19.19	619407	1629882	Java	meijr	
3	19.19	810461	1629883	Haskell	StphRolland	
3	19.18	571821	1629292	C#	YoshiBleu9427	
3	19.18	599362	2311161	Python3	mattgu74	
3	19.17	1927123	3053018	Python3	NetWarKing	
3	19.17	2478821	1675720	Java	S0311569	
3	19.16	583162	1629884	C	Cyamites	
3	19.16	2317747	3148538	Python3	ElPsyCongroo2011	
3	19.15	581547	1629188	PHP	k23	
3	19.15	416762	1629878	C#	Khao	
3	19.15	862336	2981839	C++	Zaphus	
3	19.14	388763	1628827	Java	Rattlehead	
3	19.14	1052945	1629067	C#	numlock	
3	19.14	847675	1629552	Haskell	RobinHood	
3	19.14	2003326	1628799	Python	Rat62	
3	19.14	660374	1629940	Haskell	nomeata	
3	19.13	1336464	1646577	C++	magaiti	
3	19.13	602618	1630100	C#	Maikol	
3	19.13	2117127	2239687	Python3	rhv	
3	19.12	1130993	1629287	C++	Azaria	
3	19.11	292609	1629075	Go	Cequazeg	
3	19.11	225599	1629952	Clojure	leon_id	
3	19.11	2233676	1866733	Python3	cleanrock	
3	19.1	225521	1628893	Haskell	meditans	
3	19.1	616254	1634060	Java	hansique	
3	19.1	154968	1629058	Javascript	eagleaie	
3	19.1	2007852	1852053	Go	Zorg1	
3	19.1	512937	1629221	Python	jimee	
3	19.09	614939	1629167	Go	wfreeman	
3	19.08	398083	1629243	PHP	whitep4nther	
3	19.07	699115	1629566	PHP	sjozsef	
3	19.05	882157	1629052	Java	Mearwin	
3	19.04	3270198	2692224	Javascript	simbst	
3	19.02	1482896	1629233	C#	Equipe4	
3	19	520696	1629561	C#	nico91470fr	
3	19	918759	1628971	Java	Ventox	
3	18.98	613926	1630099	C++	Keeyan	
3	18.95	489315	1629890	C++	Test_2	
3	18.95	570571	1630096	Javascript	David	
3	18.89	1490463	1629201	PHP	Dressi	
3	18.85	938438	1630033	Python3	MinBAM	
3	18.82	294302	1629888	C++	vorkostil	
3	18.79	1399710	1628961	C++	Capses	
3	18.75	561929	1629107	C++	mazipha	
3	18.74	1153589	1630093	C#	Matthieu	
3	18.7	588310	1629833	C#	SeraphimRaven	
3	18.69	615619	1629042	C#	Palamyx	
3	18.57	559772	1629942	C#	CoussiCoussa	
3	18.53	4363119	3693008	C++	Metehan_Bas	
3	18.52	403413	1632563	PHP	Cha	
3	18.51	495478	1630035	C#	rus	
3	18.49	377432	3461138	PHP	Popy	
3	18.48	2360690	1673565	Python3	Galrauch	
3	18.48	2814427	2091572	Python3	GergoLublovary	
3	18.48	1853956	1671286	PHP	yoannk	
3	18.44	1106797	1628908	C	abossi	
3	18.44	1578641	2460738	C	Caladin	
3	18.44	3523530	3145351	C++	MIROVAS	
3	18.38	3961834	3163392	C++	Jaunius	
3	18.38	1026791	1652374	Javascript	Alfalfamale	
3	18.37	566573	1629097	Java	Matj	
3	18.37	196606	1632540	Java	EasyCoder	
3	18.36	1011427	1631431	Javascript	EricBraultPoliquin	
3	18.36	284436	1633125	Javascript	efertone	
3	18.34	1550854	1649050	C#	Jushak	
3	18.33	1773971	1630098	Javascript	Lothric	
3	18.32	410427	1629885	Java	arsenalol69	
3	18.3	372352	1629880	C++	Maradona	
3	18.28	383410	1629065	Python	NewbiZ	
3	18.28	1241062	2245490	Java	jbs	
3	18.27	1324974	3348080	Python3	ViktorCs	
3	18.27	1955780	1628953	Java	HiDoc	
3	18.23	409952	1631430	C++	Noblesse	
3	18.22	325339	2234487	Python3	PTank	
3	18.21	4312850	3701406	Python3	ahmet_karadogan	
3	18.2	571075	1629948	Haskell	surdus	
3	18.19	2125348	1636658	Java	JMLeMage	
3	18.17	1740037	1647586	Scala	ereiam	
3	18.17	2848996	2152433	Java	AriaKieras	
3	18.17	2042323	2668890	Python3	mana_b	
3	18.11	598375	1629166	Java	Azar06	
3	18.09	660039	1630030	Python3	DL	
3	18.04	460515	1632534	Ruby	ogi	
3	18.01	604234	1630701	Go	ArnaldurBjarnason	
3	18	1457162	2083614	C++	JFB	
3	17.99	536392	1629227	C	Hude	
3	17.99	184427	1632440	C#	Bo	
3	17.96	1201783	1629553	Python3	qsantos	
3	17.93	1457693	1628911	C++	Totof	
3	17.92	1319148	1630032	Javascript	dbv68	
3	17.9	3564009	2616836	Lua	Waffle3z	
3	17.9	459310	1632680	Go	emm	
3	17.9	2032243	2650308	C#	A510	
3	17.89	4188881	3698265	Python3	utku_saglam	
3	17.86	374125	3710004	C#	FlowerCoder	
3	17.83	246715	1632553	C++	MattW	
3	17.82	541111	1629892	C#	trentsartain	
3	17.76	153816	1632220	Java	blazy	
3	17.74	2850657	2316690	Python3	kekar	
3	17.71	517855	1632833	C++	DuX	
3	17.7	973948	1633612	Python3	Amnesix	
3	17.7	292748	1629894	Java	javapower	
3	17.7	359956	1629147	C++	Hufo	
3	17.68	590587	1629558	Java		
3	17.67	194282	1630097	PHP	Khalid	
3	17.66	788997	1630106	C#	aLeX__	
3	17.65	1226759	1630031	Java	krencze	
3	17.65	626344	1630089	C#	Moadh	
3	17.63	277250	1631432	Java	Asterix	
3	17.62	810181	1629954	Javascript	Talrog	
3	17.62	245588	1630090	Java	Nightshade	
3	17.62	3691491	3036718	Javascript	icecream17	
3	17.61	1158783	1633165	C++	Platypus	
3	17.61	1603088	2853200	Rust	HyperDec	
3	17.6	303391	1629142	C++	dujavi	
3	17.58	590442	1629555	C#	jeremylug	
3	17.58	418239	1632432	C++	arch1tect0r	
3	17.57	1335230	1655431	Java	jft63	
3	17.56	1282856	2806184	Javascript	ErikBrendel	
3	17.55	537647	1652556	Python	ilanouh	
3	17.54	545914	1632444	Python3	tpablo	
3	17.54	513851	1629557	Go	Omegaice	
3	17.54	436136	1630470	Javascript	unrecovered	
3	17.53	925432	1632554	Java	MarinaMakarevskaya	
3	17.53	1701043	1629950	C++	Qnu	
3	17.53	490807	1632674	Java	vzhilin	
3	17.52	445200	1629887	C#	khreenberg	
3	17.52	1509053	1630034	C#	Nirmak	
3	17.52	514392	1633816	C++	Nikitosh	
3	17.52	574656	1631418	Python	dmpage	
3	17.51	269158	1629008	C#	Ecrevisse	
3	17.51	784824	1630101	C#		
3	17.51	1234947	1629947	Java	kuro	
3	17.5	153925	1632892	Javascript	peb73	
3	17.5	569715	1630083	Python3	Colin	
3	17.49	172938	1632427	PHP	kuzmaka	
3	17.49	588198	1632889	Java	threepipes_s	
3	17.48	154385	1632430	PHP	Indora	
3	17.48	4311752	3689089	Python3	Wondor	
3	17.48	2571540	1849637	Java	Nagatwin	
3	17.48	599629	1630085	C++	robwaw	
3	17.47	768307	1631423	C#	Alturiak	
3	17.47	1713174	2424366	Python3	BigUP	
3	17.47	272465	1629953	Java	seyguai	
3	17.46	464778	1633172	C	nitishgalaxy	
3	17.46	2927602	3124283	C++	RibsOfDoom	
3	17.44	1641356	1629951	Javascript	sigitkw	
3	17.43	386517	1629565	Java	iismathwizard	
3	17.43	552492	1633814	Java	jeffrpowell	
3	17.42	634731	1630086	Python3	dekespo	
3	17.41	889789	1628944	C	Alain-Delpuch	
3	17.41	154046	1629832	Java	Arywatt	
3	17.41	865548	3327902	Rust	Kktus	
3	17.4	879458	1629875	Java	Kascad	
3	17.4	616507	1633173	Ruby	guigonc	
3	17.4	3983017	3362023	Python3	TLbuis	
3	17.4	4039884	3400810	C++	mzbear	
3	17.38	323421	1629560	Javascript	Raphael67	
3	17.37	612576	1631424	Javascript	nickynine	
3	17.35	2983004	3106393	Java	tazorax	
3	17.34	413381	1633752	C#	SeyoS	
3	17.33	279504	1632441	C	TheDarkTiger	
3	17.33	370259	1630029	VB.NET	Queloune	
3	17.31	154304	1632559	PHP	Feucophe	
3	17.3	1482252	1632894	C#	Equipe2	
3	17.28	414278	1636341	Java	oobException	
3	17.28	505429	1630103	C#	marabot	
3	17.27	506754	1632429	Python	ibucwhald	
3	17.27	1000953	1632560	PHP	Legilmoon	
3	17.26	1412263	1646330	PHP	PatrickMcGinnisII	
3	17.24	2124591	1629877	Python3	Rdjdv	
3	17.23	574371	1632558	Java	Dillysfriend	
3	17.23	1410353	1632437	Rust	SwagColoredKitteh	
3	17.22	750523	1630112	Java	Norg	
3	17.21	153941	2473210	C++	webNeat	
3	17.21	1010476	3001791	C	Migrou	
3	17.21	583349	1629945	Javascript	Bangsadrengur	
3	17.21	879321	1633673	C#	S7ven	
3	17.17	489376	1631426	Java	dt9k	
3	17.17	328773	1630095	Python	L.Tailor	
3	17.16	609000	1633136	C++	ustimaw	
3	17.14	3571579	3166160	C++	ntroPi	
3	17.12	278486	1629834	C++	al	
3	17.12	1063294	1633679	Javascript	Chaya	
3	17.11	3961832	3163945	C++	asnemarius	
3	17.11	776091	1632537	Ruby	billflinton	
3	17.06	3488041	2614245	Kotlin	KodeMonkey	
3	17.06	523846	1629109	C#	Palmipedus	
3	17.05	609734	1631427	Java	belag	
3	17.05	2773632	1999230	Javascript	mattiasnixell	
3	17.05	2255187	2070706	PHP	rom_02	
3	17.02	2264391	1628789	C#	hrkrx	
3	17.01	1482894	1632435	Java	Equipe3	
3	17.01	621768	1630471	C#	Soap	
3	17.01	820986	2590416	Python3	J.K.T.	
3	16.98	228826	1632548	C++	Snark	
3	16.98	873626	1630092	Python	yomax	
3	16.97	778379	3141670	C++	KTU_lyceum	
3	16.97	1618260	1631429	Javascript	MarkTellez	
3	16.97	416904	1633144	Java	gasdfgag	
3	16.96	567787	1630084	C#	SAL9000	
3	16.96	338469	1633157	Python3	__mcts__	
3	16.96	364785	1632547	C++	abdelkarim	
3	16.93	867642	2374462	Java	LazyBerserker	
3	16.92	568936	1632888	C#	jandans1	
3	16.91	1367760	1633159	Java	eithelgul	
3	16.89	605989	1632556	PHP	OIRAZAL	
3	16.89	499325	1631428	Javascript	Alza	
3	16.89	1215643	1632546	Java	Verjok	
3	16.87	1464932	1633680	Java	Tiramon	
3	16.87	1104310	1629955	Javascript	Geraamon	
3	16.87	1890185	3146267	C++	num	
3	16.85	419589	1669992	C++	[vn]yaroslav	
3	16.84	431967	1633171	C++	utsubo_21	
3	16.84	413787	1633167	C++	C3C4	
3	16.83	574089	1632555	Python	Trevor	
3	16.83	578705	1629571	C#	Elman	
3	16.83	481024	1633659	Python	DrDestroyer	
3	16.82	365796	1630087	C++	CvxFous	
3	16.81	153957	2285655	C#	JeremyV	
3	16.81	578440	1632545	C++	James	
3	16.81	1276890	1632836	Java	NickTheName	
3	16.8	1958109	2641183	Python3	0x5eba	
3	16.79	1946657	1633158	Java	GillesFABRE	
3	16.77	2162881	1630088	Java	B4RF	
3	16.76	2534776	1865528	Java	GreerViau	
3	16.75	558985	1632891	C++	GrosNoob	
3	16.75	271931	1633161	C++	funky_bibimbap	
3	16.74	1695629	1632541	PHP	Tomeknr	
3	16.74	392117	1631422	C#	Zedalve	
3	16.73	329573	1632443	PHP	LiRyC	
3	16.73	603578	1632884	C++	Arckeos	
3	16.72	1799368	3078567	C#	Bernd_Rakell	
3	16.72	546714	1632835	C#	Vexare95	
3	16.72	952647	2113478	C#	Bad_Karma	
3	16.69	2245596	2112337	C++	BAZooo	
3	16.69	574291	1629873	Python	ValGal	
3	16.68	1152991	1632564	C#	xoposhiy	
3	16.68	417766	1631420	Java	SergioT	
3	16.67	1487168	1636340	Bash	FatIvan	
3	16.67	533063	1632551	Python3	Vavin	
3	16.66	2246923	1748790	Python3	ReanGD	
3	16.65	581097	1629886	C#	misz	
3	16.63	3967960	3230491	Python3	Cyctemic	
3	16.61	313170	1633142	Python	Proto	
3	16.57	871125	1632834	Python3	TommyButterflies	
3	16.56	816299	1631671	Python	oawdodiffj	
3	16.56	2536589	2610938	Java	mjfcolas	
3	16.55	1232087	2204410	Java	Martijnvdd	
3	16.54	521841	1630036	C++	akashin	
3	16.53	814819	1632983	Python	crashers	
3	16.53	4185673	3710477	Python3	GeorgiD	
3	16.51	1393802	3382284	Python3	amzh	
3	16.51	1440111	1633611	Java	nicZ	
3	16.49	196808	1633683	Java	bonam	
3	16.49	1436776	2210871	C++	BrainSolver	
3	16.49	1417559	2237409	C++	NashBean	
3	16.49	1617907	1633164	Javascript	NotaCoder	
3	16.48	563069	2328969	Python3	Darkris	
3	16.47	1392051	1633141	C#	HaydenWilliamRead	
3	16.43	542901	1633617	C#	SaDa	
3	16.42	580194	2679050	Java	ODN	
3	16.41	471774	1633163	C#	elazo	
3	16.4	2069141	3333059	C#	tomeko	
3	16.39	1242027	3422479	C++	ILIkeTrees	
3	16.37	235731	1632426	Java	Varadiell	
3	16.36	1509092	1633614	C#	Corbofo	
3	16.35	565424	1632562	PHP	Slan	
3	16.35	254503	1633618	Clojure	no2	
3	16.34	1765440	1633140	Python	AndrzejOw	
3	16.32	697437	1632886	C++	m0hamed	
3	16.28	1209562	1633667	C++	Jiway	
3	16.26	577795	1632890	Java	jcubed	
3	16.25	585897	1631421	Java	adeprez	
3	16.24	934833	1646328	Java	denosya	
3	16.24	154806	2845828	Python3	piwai	
3	16.23	715319	1634208	C#	poksh	
3	16.23	523185	1634527	Python	Hjax	
3	16.22	1110291	1630094	C++	Winestone	
3	16.22	359529	2089032	Python3	vIg0r	
3	16.21	2786804	2100549	C++	Evilkeeper	
3	16.2	634847	1633160	C#	Nicefreyr	
3	16.19	571591	1634495	Python3	swooce	
3	16.17	1336138	1633615	Python	wyrdoe	
3	16.17	812259	1632550	C#	ProfesseurPoire	
3	16.16	995896	1633139	C#	Ro9	
3	16.15	257832	2487903	C++	BlaiseEbuth	
3	16.14	914536	3805939	Kotlin	TiberianGun	
3	16.11	1673803	1771479	Javascript	GiZz	
3	16.11	1386924	1778264	Javascript	Ylec	
3	16.09	1243876	1631417	PHP	Hi-Low_World	
3	16.06	1485989	1826091	Python3	ReActiveNZ	
3	16.05	1358627	1633135	C++	Aleix	
3	16.05	2142370	2131585	PHP	Harry88pl	
3	16.05	1077506	3066626	Go	gs2	
3	16.03	1132495	1633154	Java	Yaayoun	
3	16.03	273004	1633146	C++	ptitrex	
