Score	UserID	Pseudo	#golf,count=3177,time=2021-01-30 02:44:24
125	1483723	d-s-x	
135	1301401	Stanax	
140	3845610	pardouin	
141	1436776	BrainSolver	
174	1093968	milosMATRIXrepic	
196	2288263	dbdr	
196	1399382	Regulus136	
205	2923506	darkhorse64	
206	155774	dwarfie	
208	863425	Antlershy	
212	839539	madCasper	
213	3808031	_proton	
213	4060994	3030	
214	2490008	ebicochineal	
214	3627342	Zuabros	
218	1303696	ral	
220	1063575	TomaszMalik	
222	962495	e-boot	
223	2897230	kalevala	
223	912633	Poviliukas	
224	3422694	HK42	
226	1335116	Chazzmundo	
228	465363	inTim	
228	715319	poksh	
228	1221983		
228	820000	ValGrowth	
228	225875	leff	
229	904255	dadymax	
229	900147	Triariy	
229	3937902	Vectoribus	
231	734401	b0n5a1	
232	3783481	Yatech	
233	1792532	Zanbez	
234	951536	Spiridush	
234	975057	LeoTigers	
235	1239981	jaxpylon	
235	849264	Freakingame	
235	1759335	metahom	
236	2003899	thierrichard	
236	1500515	eulerscheZahl	
238	857521	MrAnderson	
238	1378958	Illedan	
238	893177	Rebelwillow	
239	3589249	ohl	
240	1167247	MaMi	
240	3917420	trold	
241	1274026	Sethius	
242	532917		
242	1520298	Bejn	
244	1256311	bokl	
244	859803	stauik	
245	1327415	TarasPetruk	
245	1654818	tarapitha	
246	749809	LazyAzuzu	
246	1798874	AquilaFewur	
247	964330		
247	1017169	bLasT	
247	1049237	darkman	
247	919066	DVK	
247	1995504	majood	
247	995101	gomeZZZ	
247	3298988	PotatoCoder	
248	1774317	szaliszali	
248	481564	mihei	
248	2725066	Cize	
249	1585036	rotu	
250	261549	Yerek	
250	1221982		
250	2061690	LordQwertion	
250	1305374	Frankich	
250	709490	Sinlepuissant	
251	1834420	Kastorka	
251	348376	Kryss	
252	999928	Rabobi	
252	1104895	akmc	
252	175776	Shazam	
252	1029251	Simon5	
252	939112	Doomer3D	
252	1600779	AustinSpafford	
252	4073599	bzkaz	
253	906997	Waterrabbit	
253	2480683	BigChees	
253	351062	Neumann	
254	3828988	granuaile	
255	978567	RedDwarf	
255	941342	hunt32	
255	1011427	EricBraultPoliquin	
255	906441	Andriyko007	
255	929743	Tobu	
255	1835644	callumsteele	
255	2193464	m2bad4u	
255	2745103	BergenRK	
256	1486792	Verathez	
257	954830	BoerJan	
257	864570	Nonsequiturish	
257	1615408	Yish	
257	1151168	Ioreck	
257	3900117		
257	173805	Storm	
257	2069141	tomeko	
258	884034	AdamHill	
258	1124572	Nerthal	
258	1114813	ChrisR	
258	1060054	ASIS911	
258	1656189	WvooDoo	
258	3982827	MohamedZaki	
259	1137530	darkmyst[io]	
259	1208856	T-Rex	
259	2091718	BioBrick	
260	1016398	Jar	
260	1482257	aternex	
260	1660430	Wolve	
260	1863778	vviktor995	
261	1699384	Suikoden	
261	1562224	KasparsAleksejevs	
261	2724981	Majeck	
261	3647844	rc95401	
262	999675	Verser	
262	1695886	Dahdouss	
262	2151956		
262	1409256	MajorPaint	
263	1410235	cf9l588	
263	1863849	Peglo	
264	1046875	MihaiPricochi	
264	1758000	Ozziereturnz	
264	474435	ShadowTheAge	
264	3306721	webpac	
264	3819057	Yeti47	
264	1506280	TwoLate	
265	524052	Tarec	
265	1071147	Marek	
265	1070982	Venovani	
265	1454075	Ree	
265	1169007	Qto	
265	3691556	davomcdavo	
265	311035	leojean890	
265	1045485	Jessie	
266	830841	silverlining	
266	706277	JmAbuDabi	
266	410931	Maqurez	
266	978801	Rancan	
266	638954	Khiolu	
266	1580499	LPM	
267	271789	Interfector	
267	1139431	Jirka_CZ	
267	1058876	Compustar	
267	1276184		
267	1470423	RubyStone	
267	1207173	Mortarx	
267	3076711	Sceurpien	
267	1568608	Reaperlord	
267	2637413	jugR0jones	
267	2286642	Kebal	
268	866523	Ketro	
268	1334577	ForTeaToo	
268	153931	Bast	
269	855626	Okomikeruko	
269	841420	RandomVariable	
269	1917014	ArnaudBab	
269	813541	lamiomni	
269	155083	LOustad	
269	3059018	PPS	
269	1566179	ArcaneSaint	
269	3362920	Tutmalo	
269	3964584	SirTobyB	
269	3738782	Inaniwa	
270	990610	Gamlins	
270	1195992	NickJammer	
270	1309454		
270	542423	roro1664	
270	609811	Atesz	
270	828239	[SG]Bisou	
271	969339	AutomatedChaos	
271	1245791	Bad_Wolf	
271	1251131	ma81xx	
271	987165	KaitoKid	
272	259006	SneakyNem	
272	886248	neobyte	
272	1005206	luistarrafa	
272	3019376	BastiX2	
272	3019362	Schaumloeffel	
272	3372523	HendrikSCC	
272	3861360	Sargerus	
273	841085	Risen	
273	945733	Korin	
273	1056323	Maushu	
273	1072662	Abdelaziz	
273	2034863	kzmr	
273	1360294	otk	
273	1535359	arturkult	
273	2951938	nightly	
273	3967520	Redm4x	
273	156188	DorianWilde	
273	1786692	Matryzas	
274	923254	Queijo	
274	1389940	SamuraiCat	
274	1445302	E7a1da5	
274	1612475	superhoang	
274	1829709	Takezo1584	
274	792813	VilBoub	
275	571496	adragomanov	
275	171803	Stan	
275	772311	Chaw	
275	1104906	Badjoras	
275	1106842	FabioDomingues	
275	1105136	anagnorisis	
275	1023606	michalkaziu	
275	1396500	Bah	
275	977725	Xell	
275	1096201	Maksimov	
275	336285	DragonFruit	
275	1728288	MOLP	
275	3388596	johnburkert	
275	1497386	Kamui	
276	1596346	LaurisJansons	
276	1694092	Entalio	
276	1787232	dododb	
276	2429305	Tatasterix	
276	3664095	Kirajian	
276	3689003	Fou_Lou	
276	862919	Astrobytes	
276	3238379	Giloushaker	
276	2411048	Sebidoux	
276	3305510	TBali	
277	2708342	HIWA	
278	958434	Sonny22	
278	1080973	Ryuu	
278	1167615	TylerDurden	
278	1151202	Lexin	
278	1283937	GiantMiniatureSpaceHampster	
278	578423	Phobos	
278	2818307	Philippe.Vialatte	
278	3011154	d34db33f	
278	2672932	Lanfeust	
279	971244	Gostron	
279	1056767	DapperDork	
279	1106002	actislav	
279	967199	Surreal	
279	1264078	OleKofoedHansen	
279	1555142	Thunderkill	
279	380641	Mercadis	
280	916452	js	
280	934920	Kugath	
280	1196511	ArmenShamelian	
280	2458006	DjoleLepi	
280	2661598	Iorgi	
280	1822677	Sebs29	
280	3464590	abbecool	
280	2387233	SinOfWrath	
280	2045078	Sharaks	
281	661113	fastpath	
281	395994	zelyony	
281	941731		
281	974804	iffefroi	
281	970435	TheChilac	
281	1125334	Hehoslav	
281	1617172	Rinorragi	
281	1760575	Krusaid	
281	1382142	candriant	
281	1277105	dede8x	
281	3753339	RaptorHunter56	
281	3832572	WetSeal	
281	3763126	ggjulio	
282	884725	zoty314	
282	913584	Kokeshi	
282	996649	Raffi	
282	522502	TheBookworm	
282	904806	clemchen	
282	1512958	Greqo	
282	1057595	RaAdyn	
282	1158992	handmouse	
282	2341005	Crispy23	
282	490588	Uljahn	
282	3941312	AS3	
283	693316	Heian	
283	1449179	MemeNova	
283	1335230	jft63	
284	944000	DJ3H	
284	1096240	Tonic	
284	1168950	deluks	
284	1068679	DoctorWhy	
284	1465393	Mytho	
284	1713515	Martin3	
284	1937628	Elom	
284	1757367	Kabamaru	
284	4127205	riemar	
285	671635	Zack	
285	930601	opejanovic	
285	1222957	Naethure	
285	1725094	TimurTimur	
285	2648089	SpaceWilly	
285	3235897	Zylo	
286	1054971	GregT	
286	1125328	Chubakka	
286	1160614	moon21	
286	1255613	GreenShadow	
286	898793	Kordalia	
286	1469553	Uigr3s	
286	1469035	Eek	
286	1525821	Jeroo	
286	1782216	safulkin	
286	1035167	Zepo	
286	1610899	Hoosh	
286	1475517	scam17	
286	3934563		
287	934381	PolyB	
287	740319	stephdim	
287	1046361	Dragonic	
287	1069502	Biff_Stu	
287	1080429	FateRunner	
287	1640422	JillNyhov	
287	1677705	nNickSize	
287	1012970	RedDuck	
287	1747550	Rafalon	
288	586565	Dedoo	
288	1008663	Tommy	
288	1162549	NickiThomasHansen	
288	1596751	RatTub	
288	3034264	Epictete	
288	3417150	KubaJ	
288	2794272	Tropicallo	
288	3554290	Armod	
288	690964	ChriFlaKev	
289	925514	Ruisantos78	
289	551498	SteveTesta	
289	1005139	gtooth	
289	1097695	JordaanMe	
289	1176342	TontonNong	
289	1263032	smeyer	
289	1648369	Krellovichz	
289	1754001	emmekappa88	
289	1619259	Zeross05	
289	1806741	TheDayIsMyEnemy	
289	2374151	norberto5	
289	2850739	Araxar	
289	2855291	Zoltanar	
289	1698756	Sylions	
289	2533959	ruoighreopag	
289	2375283	VirusX	
290	660643	Marrrk	
290	1031298	TyKonKet	
290	1228172	blueneosky	
290	1256312	Djoums	
290	1380526	riguez	
290	1400179	reCurse	
290	3103433	DeuxAlpha	
290	3848787	dduquenne	
290	4071560	BigG42	
291	981504	Nexus	
291	1102031	deadelf	
291	1681465	Algueron	
291	2070853	starms80	
291	1551302	hamertime	
291	2331589	miaugust	
291	2203054	Tillman575	
291	411169	WildOgr	
291	2522090	MSmits	
292	1039983	j0k3r	
292	1098378	Gh0s7	
292	876163	AY1111	
292	1228394	zator	
292	870653	Argyl	
292	3079615	GnRs	
292	1813266	Ludwigdn	
293	1073733	bk123	
293	1534277	ArkadiuszPlayer	
293	173832	Ginetteguy	
293	2459724	Beloch	
293	1854639	iDxMeG	
293	3917444	GSharp	
294	950545	Cobru	
294	967146	just4fun	
294	507383	Vadasz	
294	941965	mrgl1st	
294	997500	Overon	
294	1009262	Sandman96	
294	1310908	ricbus70	
294	975117	Jeroenh13	
294	1176190	silvinus	
294	3019385	KuhnNick	
294	2547542	ChuckZelver	
294	3932792	TheGateKeeperEU	
295	665170	RagingPlatypus	
295	1206598	Moradal	
295	1382017	TedBear	
295	1567999	Nownew	
295	1532640	Danscava	
295	1991448	Kelkka	
295	1347260	scorpinoc	
295	2284749	DonKaramazov	
295	2612889	Symphonia	
295	2491239	Mahrak	
296	860717	Raevi	
296	1069563	ShinZanmato	
296	1202933	NullOps	
296	1473419	Recross	
296	1830993	jpcheck	
296	1451130	Muppatz	
296	3369204	dbOwner	
296	3799433	VansYe	
297	930375	Chapi	
297	1122159	Keepo	
297	1142942	Aquamoth	
297	1069585	Hackrid	
297	1455799	Jahoda	
297	1462604	Aquel	
297	1802120	C_Shark	
297	1481931	mota.by	
297	1864899	Tartori	
298	1111280	CarlWalsh	
298	1109494	mstrz	
298	1058048	PavelPetrov	
298	1450599	Arty	
298	1361362	Spoyl	
298	1130982	carloscz	
299	989104	LitoDragon	
299	1494067	XoMEX	
299	1661563	Eurospiders	
299	868172	draab	
300	909045	BrunoBiluca	
300	828269	PJ	
300	825424	melmi	
300	1047288	Gaetan	
300	1417021	eshka	
300	1465300	Romario	
300	1567133		
300	1159096	Grokwik	
300	2052376	JoeySK	
300	3326269	Strong_Junior_Elusha	
300	1220446	yizraor	
301	1041267	Aldandarawy	
301	1143060	Watarigarasu	
301	1264891	Treakconk	
301	1387558	noctu	
301	1450451	MertCingoz	
301	991415	MiniGab	
301	1279866	zBobiwan	
301	3421399	Athight	
302	922810	FCT	
302	1110090	bd	
302	1529281	FelixB	
302	965630	Agreu	
302	1957289	csuzw	
302	2327086	TarasDzyoba	
302	2415394	m3d	
303	1003800	Summus_Qualitas	
303	1124699	Miro	
303	1225405	Flailgull	
303	154876	Achess	
303	2170370	Rasmus-BLind	
303	1352572	niku-live	
303	1163212	VincentGuerin	
303	2258829	Hiker	
303	3906946	annaproxy	
304	839786	Crownie	
304	897950	Syncop	
304	1098558	TallGuy	
304	1171737	Belz	
304	1174605	Amadeus82	
304	1225212	Yael	
304	1451053	caarv	
304	1495642	AtomCrafty	
304	2234888	Daverix	
304	3639724	fritz99	
304	1675720	AxFab	
305	791235	Khanner	
305	939543	[Peter]	
305	1542253	FretPwner	
305	891351	AhmedMaher	
305	3019369	pbs2h17ape	
306	976150	Glom	
306	1013393	Mortimor	
306	1465626	Joey_G	
306	1648938	Kharyus	
306	1647663	arek-kubiak	
306	1728217	_spoon_	
306	862407	DenisKonstantinov	
306	586381	BokChoi	
306	2144949	SpicyPotato	
306	2310872	andrezi	
306	1417002	KerryG	
306	2579004	Cctx	
306	3019379	6ix9ineLol	
306	2465457	ArchStanton9	
307	931119	Verliba	
307	1417472	bennettp123	
307	1466376	docjONEs	
307	1446007	sylys	
307	1512032	TrAnd	
307	1655835	kazkami	
307	1894775	FuzzyMidgett	
307	1857772	darkange69	
307	1101431	clement_sebillet	
307	2613387	Ryugan	
307	2807479	RT-Twerker	
307	422396	TheRod23	
308	942072	Kinney	
308	989639	Bluelyn	
308	1108827	Frimous	
308	1135832	acormier	
308	1150840	Cryspie	
308	1652071	theNickname	
308	1649242	Hasub	
308	1688887	Kryptum	
308	1628523	Hopstar	
308	2448295	DM84	
308	1445931	albantor30	
308	3375779	Muradorn	
308	3122621	Polutropon	
308	3851337	MichaelBiancardi	
308	2592027	ParticleBeam	
309	1397503	DevMass	
309	3030705	JudasIscariot	
309	4158826	telord	
310	488892	Baximilian	
310	979466	Trux	
310	1041775	Darkcodi	
310	1071463	Arbarwings	
310	1080858	Akard	
310	1070934	Guldyr	
310	1494384	Wolfboss	
310	1390986	Trevwilson	
310	1618991	TheQuestion	
310	1041903	PapaGeekolo	
310	878168	Czaporka	
310	2855654		
310	3762670	Loulou2008	
310	4009941	Sunkin351	
311	973898	SauRooN	
311	1085744	Frontier	
311	1130248	NathanKarpinski	
311	1504630	Deejayfool	
311	1347514	LittleBit	
311	918414	Chronodrax	
311	916280	kaloyandivanov	
311	1727427	Barbouze	
311	2728732	Kroppeb	
311	1264591	Pandaccolo	
311	3421918	SomeoneGnu	
312	966304	Kriszinho	
312	1057227	Picles	
312	1413544	Christian1978	
312	1712706	O.M.	
312	3397174	DexTrail	
312	3585931	Kumaneko	
312	1264581	BenjiIsBack	
313	1074404	icguy	
313	1385626	Wabash9000	
313	1508432	ViktorZolin	
313	1490749	UZMeNow	
313	2256488	Laechim	
313	2584997	DevStranding	
313	3702463	KLEVA	
313	3789487	LelouchVC2	
314	745612	bloublou	
314	546322	FrostBergs	
314	1162215		
314	1433494		
314	1747877	Burnaster	
314	1953298	DanielDumitru1	
315	932293	----	
315	964490	ThibaultMontaufray	
315	995639	Skacofonix	
315	1206847	DmitryT	
315	1507358	SebPoppy	
315	1459470	pretzlak	
315	813445	Pticed	
315	891069	Ornot	
315	2040871	KimiNako	
316	969841	GoN	
316	986059	MrMarkers	
316	818130	St0y4n.GG	
316	1050473	IanFarragher	
316	1271039	RoyiMindel	
316	950286	unicorn-pauni	
316	1481693	KAIn	
316	890630	Shurishe	
316	2379941	johnty	
316	2422186	VilliKan	
316	4093052	Kaesekuchen	
317	1068308	BrunoRamalho	
317	1120770	CMax	
317	1244785	Vincent.Pelletier	
317	1533326	dan14941	
317	1468045	DonPhilip	
317	1896228	bestcode	
317	478137	Z_Dante	
317	3574688	RaulButuc	
318	1134173	BenoitJeunehomme	
318	1594115	Evgeniy	
318	1672795	Potatobob	
318	1462341	MarkSide	
318	1963865	Joncn	
318	2236682	Torque2	
319	910639	djibi	
319	916214	TGassi	
319	1388596	Draug	
319	1421336	Oscitancy	
319	2637573	Pode	
320	937101	SteveB	
320	935818	CCAMPS	
320	1173117	Fax	
320	1173144	ThomasF.	
320	1217777	EthDra	
320	1201718	Linkeien	
320	1252380	Glopp	
320	1420966	Gally	
320	1684186	JerryGollay	
320	2220435	TheRadioControlledDinosaure_d299	
320	1939395	Feburas	
320	1853884	Martin005	
321	729952	Maxime LEONARD	
321	961135	Madachi	
321	1044264	SoReJ	
321	193804	Henni	
321	1353316	psyral	
321	540476	BrewmanErik	
321	1608303	frigley	
321	1748802	Glop	
321	1132439	kaiZer_Dragomir	
322	1129586	infuerno	
322	1652969	Berci79	
322	1349973	Sterminus	
322	1974656	MariusIonut1	
322	1993643	Lt.Dan	
322	2078265	Jany	
322	3120089	Deadelement173	
322	3019368	Sgt_Salty	
323	1374520	SamuelSavoieLapierre	
323	1323814	SatineChatounette	
323	1469819	Allsecond	
323	2256816	AVIZ	
323	1939328	Knirb	
323	2613730	ElToby	
323	2183698	Seb_T	
323	3978510	KMC	
324	914905	CodingDwarf	
324	951592		
324	392898	THOMA5	
324	1086583	PatrickLaforte	
324	1130789	Pc23	
324	1205114	AdriRb	
324	1241493	MasterZydra	
324	1559074	Meilby	
324	516634	jon	
324	1380606	MagicVulcan	
325	834362	Creg	
325	689226	Havoc	
325	1268929	Ombrok	
325	1723104	Typlan	
325	1058061	Icosaed	
325	1720510	DeanJoly	
326	946860	Sailor_Of_My_Vessel	
326	946865	AncientStorm	
326	1135668	BColaco	
326	1403307	mikko.viitala	
326	1082488		
326	1415645	JustRoxy	
327	544605	flo_	
327	1007939	Poruk	
327	924982	Sergef	
327	1788550	Fapillon	
328	943713		
328	973771	Lowener	
328	1113605		
328	1120615	kubajz	
328	972430	OrderAdChaos	
328	1330935	jul0105	
328	1575045	KelseyBurns	
328	1740867	Badghost	
328	1601642	ddala	
328	2545909	Sabys	
328	3899168	BlackWraith	
328	924412	chidrik	
329	954755	AiMikoto	
329	998471	bahamout	
329	1095073	MichaelM	
329	1573631	Yonder	
329	916775	ejobin	
329	2290633	field3	
330	1079091	JanUrbanec	
330	1176926	Guyv3r	
330	198671	Cashou	
330	1399852	Thaell	
330	1762955	peppapig	
330	1866800	Radzio	
330	2682288	Drovitch666	
330	1679187	Xelz	
331	811164	tonynogo	
331	1754804	Desmadre_Inc	
331	1441193	ChrisHeral	
331	2350423	Zeljko_Peric	
331	1940248	Dragondort	
331	3520116	poik007	
331	956638	Pi-Geometry	
332	978769	sebacz	
332	1034417	Althaj	
332	1997622	Ra777	
332	2452553	Anthagonas	
332	2310861	Ilovepie	
333	987462	JotaDobleEse	
333	993063	Shagoo	
333	1061381	Seanald	
333	1225195	NoamMoshe	
333	1610875	MrLight	
333	1479930	LeRenard	
334	1010351	rj2Skipper	
334	223655	Annubis	
334	1106661	tranquilize	
334	1207163	groser	
334	1654172	hebaref	
334	420907	dsannikov	
334	3433338	RedRabbit	
334	3542957	Adalrick	
335	1224970	mgear	
335	1073604	speedFast	
335	1770638	GeneSelfish	
335	2005648	Narviath	
335	839879	Washier	
335	3888227	Teddyzeus	
335	989810	holyshaman	
336	516685	cfehunter	
336	1021256	Toinou	
336	1228568		
336	2337471	Sergey_D.	
336	2946945	LeterPustig	
337	910659	Tejes	
337	1106809	Mashtullah	
337	649510	hawk	
337	1668243	Bindo	
337	1713497	NoisyBoy	
337	1474519	Sny_de_Treves	
337	2484994	Suremaker	
337	3732581	kittzs	
338	1119818	SimonStinson	
338	1307475	jutimor	
338	991262	J3r03n	
338	1440262	DeafGecko	
338	1911032	skyseb	
338	866947	N0H08	
338	2194881	giganoide	
338	916633	Azzouz	
338	2671862	Daramant	
338	3864426	Kirliash	
339	1144694	Baditude	
339	1025324	Breizhoo	
339	1504379	Moonshine	
339	1981732	MJS	
339	1449795	iDeko	
339	2227323	EpiKnightz	
339	3493392	Nickname123123	
339	411147	HunterX	
339	4079125	k0ded	
340	865670	petrzjunior	
340	1044318	AknaiOtto	
340	231926	Pierrick34090	
340	1272962	Ric	
340	1112875	MushmulCho	
340	1398160	abcde123	
340	1726024	dtejedor	
340	4062022	RicksMLC	
340	4081165	Fabio82	
341	1489180	Xeleron	
341	1547178	NightUndead	
341	1662460	xHyperflu	
341	1139181	MasterShadow	
341	2228298	tiog55	
341	3229231	user4565675443	
341	173522	TeddyS	
341	1655426	Sticmac	
342	942857	Slupka	
342	935753	Boatagrrr	
342	1183309	Phil137	
342	1288290	Piaire	
342	1823382	DarkAngeOmega	
342	1864841	Twobeeb	
343	795179	DevilMoustik	
343	1173783	Oslord	
343	1524522	SpiegelSauce	
343	1640000	KilgoreTrout	
343	1602542	0111narwhalz	
343	2314729	Ashley_Ska	
343	2325449	otpv	
343	3947806	Kr4unos	
345	621768	Soap	
345	712849	Tabea	
345	1172340	Buggy	
345	1244327	EIKniazev	
345	1382590	Cristiano	
345	1396761	RyMe	
345	2484090	catalinpadurean	
345	3874508	HDit	
346	989205	lockheart	
346	880044	Dalmali	
346	1353054	IvoPimenta	
346	3386798	Zaidoss	
346	3903847	UnicornP	
346	3075101	Krantt	
347	844444	Jarjar	
347	230794	alpha_one_x86	
347	1042544	Sublime	
347	319407	Akutsu	
347	1989412	Skewnart	
347	2123857	jonramos	
347	2382054	jsimoes	
347	2497890	BlackBird	
348	1163799	JohanPsykedelikPwatate	
349	959835	EttienneS	
349	610817	Mugs	
349	1534273	Jooraz	
349	1291782	Nufar	
349	883487	PanchoAby	
350	1056155	Grubys	
350	1222162	susch19	
350	2416920	Amandeus	
351	965300		
351	2236594	ProLikeFuc_k	
351	1445294	Technochips	
352	927896		
352	1015020	Scepheo	
353	969201	sacham35	
353	1599495	Blue_	
353	1750644	Tabasco	
353	1388803	KingOfThyme	
353	1915299	Shisui	
353	1429005	bylle	
354	815042	Knup	
354	1122194	Ciko	
354	1755352	dave26540	
354	1770280	Maxboyer	
354	1165704	macmist	
354	2558094	Jozim	
354	3415963	DanielLaursen	
355	1268160	Vias	
355	1017944	Werewolf	
355	2249396		
355	2443839	jor-el	
356	1027319	_Chris	
356	1050333	Valsador	
356	976022	Caribou	
356	844203	Geralt18	
356	1273550	KarateF22	
356	2100242	corenting	
356	2647790	They_Dont_CSharp	
356	1003549	cpthappy1	
356	1132011	pci	
357	909931	Valercheck	
357	1050228	NEOsap	
357	1037763	shifubear	
357	1341375	AlexandreMercierAubin	
357	862281	andreyka.one	
357	2161065	NoodleHat	
357	2432682	Pretasoc	
357	873958	cheeser	
358	1180628	Mon	
358	1173767	TITANVX	
358	1545877	TheEyeOfBrows	
358	1552764	466f7272657374	
358	1574221	EthanShimooka	
358	1737225	KSK-9	
358	1956641	Fkk	
359	1486164	ToXinE	
359	1724719	Tottel	
359	1987512	FreexXx	
360	827757	swoog	
360	464006	Ryugate	
360	1002238	Cyp	
360	1068741	Davaniah	
360	3422051	Roman_Mauche	
361	930076		
361	1215205	TAZUMA	
361	1554740	foofaraw	
361	1735443	DavisH	
361	2689334	AmineYahia	
361	1466631	Akrib	
362	729144	StefanPodea	
362	1386094	JonasZimmer	
362	1434617	Killerfly	
362	3294558	joNNN	
362	4084363	ManuelP	
363	919138		
363	1040200	3v3rt	
363	1565545	timochu	
363	3715831	UQ-LELE	
364	944045	Zarat	
364	1031727	OVermelho	
364	997390	KamiChan	
364	200826	coolDev	
364	1579627	Bahrani	
364	2262057		
364	695394	Anvis	
364	3774238	shatts_	
365	906617	yayu58	
365	1072061	MBEL	
365	1343748	DanielAlmeida	
365	2222343	ClutchX	
365	3647680	CaptainIndia	
366	979555	zagorec92	
366	1208295	Xanagandr	
366	1021689	Nemesmarci	
366	3305525	StriderX	
367	1047065	Entrivax	
367	1462815	EdwardL	
367	4091506	Asta6154	
368	884069	punxxy	
368	267417	Hyryel	
368	1763006	shadowcloud	
368	3704922	Gil001	
368	3530106	Tygyh	
369	1208857		
369	2802349	MZA-PL	
369	2977959	Solus9993	
369	2353603	MrSok	
370	1462075	Eirik	
370	1600180	KSP.Kill	
370	1830625	-Rutger-	
371	1521036	felixir	
371	1730809	DelvalletQuentin	
371	2177661	Tioude	
371	2253218	Miiiick	
372	1456458	LostTheMarbles	
372	3915473	ChrisSkyRo	
373	966382	Nootice	
373	1207791	Ansile	
373	2523999	rherbil	
373	3194349	sumgrievous	
373	3389671	Itar	
373	3637609	Kyrael	
374	201146	shikamarooy	
374	1160166	GuitarGuru	
374	813508	Hyperion	
374	1988394	Itsnotjames	
375	983927	katpsy	
375	1246843	SporadicFoobar	
375	1507473	DemoXin	
375	1383892	Commander	
376	636611	GuidoBaggins	
376	1390657	fishwave	
377	966165	RyanA	
377	1121783	Melon	
377	1098252	Shigor	
377	1561712		
377	1544121	boma	
378	1236109	ephemer	
378	1930288	jopa_be	
378	1291649	CoDeCode	
378	2459238	Miloo25155	
379	924899	m4rt1n	
379	1512619	imededdine	
379	1503564	tihilv	
379	2235515	Dekana	
379	1701920	w0nderw0man	
379	3621433	Maiko	
379	3573102	Kraemer	
380	682840	THITHAN	
380	1106003	JesseJamesLord	
380	1681375	Vazul	
380	1707377	Colgate-Blancheur	
380	1853578	Code.ama	
380	1059996	Molybdene	
380	1128886	fortey	
381	1031350	NartoJunior	
381	1732583	cvangala	
381	1236024	xspeedasx	
381	2428416	Theino	
381	3547277	DrTobi	
382	1006772	Daimes	
382	1124757	Evaelis	
382	1137571	APPA_Programming	
382	1764488	Voldmaire	
383	908716	ervakadev	
383	912186		
383	1053520	Thony	
383	1165379	Lino	
383	679174	[CYBOR]	
383	3173435	StuartC	
384	434482	MOhi	
385	872837	rems	
385	1558438	kyschler	
385	752369	Necrocoder	
385	2242985	Keve1991	
385	3837895	Vampyre_Angel	
386	1052149	Locil	
387	699703	Western	
387	1105400	JonathanPerchoc	
388	230693	didyme	
388	4054947	LLG	
388	3886933	WayneStaticc	
389	153638	Bertrandt	
389	1160190	Stefzz89	
389	1106771	GhoulLord	
390	584360	Doomangel	
390	2324290	guillaumes	
391	1855861	berih	
392	858690	Lumy	
392	1075921	PenguinPero	
393	1148115	DjCis	
393	1192481	Love	
393	1391603	Morten242	
393	1677380	Magnoax	
