Score	UserID	Pseudo	#golf,count=2005,time=2021-01-28 02:42:28
66	2288263	dbdr	
66	2416641	Zenoscave	
69	1483723	d-s-x	
72	1537792	AsaiYusuke	
79	3845610	pardouin	
80	1436776	BrainSolver	
84	1301401	Stanax	
88	1093968	milosMATRIXrepic	
88	3726978	VirtualAtom	
91	1654818	tarapitha	
96	668954	Fluxor	
97	2096336	SAINT_LAURENT	
98	1848459	Velcoro	
101	155774	dwarfie	
101	1968855	ThePurificator	
101	1399382	Regulus136	
106	2928146	LolCat	
107	2923506	darkhorse64	
108	820000	ValGrowth	
108	3977266	batkonapazike	
109	1493232	Avadonia	
109	1485690	Kikoo	
109	3655894	TheHammerBro	
110	3478926	Leptit	
111	3354337	Westicles	
112	1193679	Icebox	
114	2151440	reminot	
116	1528929	Blackfich	
116	709490	Sinlepuissant	
117	734401	b0n5a1	
118	404191	darthvedar	
118	1946647	puzzle1536	
118	2156856	Architektor	
120	1105518	LordDrew	
120	1108293	tru101	
120	1630178	ulrikdem	
120	962495	e-boot	
121	1414038	sobrom	
121	1782559	ribensan	
121	1812194	CheeAhGo	
122	910455	Hatsum	
122	932268	gus	
122	829059	chips	
122	919703	TheShadowX	
122	257832	BlaiseEbuth	
122	2122738	MinorLegato	
122	1740037	ereiam	
122	3418599	YvanHerreros	
122	1183122	ath	
122	3422694	HK42	
123	884874	Zauberer	
123	1158405	KolbasniyVeter	
123	1913602	Aziraal	
123	2093490	paul.cabanes	
123	839126	Asheryth	
123	2483645	ThomasBrose	
123	2786666	TetraktysPhi	
123	958227	LantarSidonis	
123	1201796	P.Greze	
123	2508635	hemhel	
123	2490008	ebicochineal	
123	829018	alchemsti	
123	2064047	Nowpen	
123	3647844	rc95401	
123	3305510	TBali	
124	1072200	alze	
124	1518602	norcas	
124	1896118	Phibonacci	
124	1977626	MasterGo	
124	1509682	m.s.m.	
124	3336221	Alezzi	
124	3808031	_proton	
124	3085420	MJZ	
126	334434	Rajh	
126	1284747	mr-push	
126	1975015	The_YaccK	
126	973040	papyjo	
127	1404292	PawelK	
127	2096064	xiao.sha	
127	1364983	BogdanDevichev	
127	1773607	elana	
127	3660686	Kekkyoku	
128	972894	resty-daze	
128	1314316	jolindien	
128	1103401	KouKaku_KiDouTai	
128	2043908	AntiSquid	
128	2415573	__MarcoG__	
128	2189051	Fynlas	
128	1759839	matleg	
128	2526029	Wishmaster_89	
128	1512611	Essigautomat	
128	2315411	cejonio	
128	3308199	ChadThundercode	
128	862919	Astrobytes	
128	1527403	Di_Masta	
128	3917420	trold	
128	1904082	WIlChrist	
128	1726600	Patate	
129	1134680	neywat	
129	1134381	letatas	
129	1300176	CPP_Dave	
129	3918583	mikmak	
130	897827	durango	
130	1323814	SatineChatounette	
130	311035	leojean890	
130	3594074	jopo	
130	4066843	DarkSasuke	
131	788989	Maasto	
131	1415495	fenrir	
131	962157		
132	272290	Olaf69	
132	1052682	Dih5	
132	650406	GaaH	
132	3657691	D3structor	
133	1009766	Mepsik	
133	1362625	Kasserin	
133	3165536	barbora	
134	1014589	AurelienDuval6	
134	825424	melmi	
134	153116	sedcore	
134	1634185	cielak_	
134	1613345	Unelec	
134	1807558	conio.h	
135	1357150	Agriic	
135	1764618	ave99	
135	717196	NWDD	
135	3980965	PROFeNoM	
136	153910		
136	1120414	Spikatrix	
136	843141	Gurgel100	
136	788361	Bob	
136	512097	Stilgart	
137	1162034	krakeusz	
137	1408492	Ptit-g	
137	1684030	Mator	
138	820387	[STG][2019]jung_b	
138	304295	ggse	
138	1607791	ildar_1988	
138	1562802	L.Felipe	
138	2109780	ChaudCoLaTeen	
138	2387233	SinOfWrath	
138	481564	mihei	
139	1443392	Polynom	
139	1506280	TwoLate	
140	1272564	Raspberry4all	
140	1307069	fdpierson	
140	1540458	amprage	
140	1842440	07734willy	
140	1905733	artOfHack	
140	316759	Spiikesan	
140	992329	BeeGee	
141	917875	WM_GMAWANG	
141	845329	Tomtix	
141	1238199	leo_	
141	1407696	ciberjm	
141	1628318	eeekhm	
141	1654458	thirstycrow	
141	1441820	Hamzse	
141	3214641	Neicul	
141	799904	iwashi31	
142	622303	Zetrock	
142	1362802	Orlandi	
142	3611465	FooBat	
142	530441	Prime541	
142	1854246	Counterbalance	
142	841085	Risen	
142	154504	Harenome	
142	3839774	gurvan_lullien	
143	890295	Krayz	
143	993797	Bassintag	
143	522447	TiBx	
143	2427577	pink-rg	
143	588371	LaughingDoggo	
143	1828329	Speedphoenix	
143	1616191	PotcFdk	
143	3770485	zakki	
144	1075002	Foie_Gras	
144	2563053	Bug_Brain	
144	3461379	StraightOne	
144	2069141	tomeko	
145	877133	enygmata	
145	301236	Migermain	
145	1272860	[BDX][2020]bache_a	
145	1772587	bastilol	
145	1352607	alwaystroll	
145	1529066	Lickname	
145	3743464	Iuga	
145	4038295	RamanShakya	
146	1156798	taka-no-me	
146	1290798	StefanoPerotti	
146	1396194	Keny33	
146	1487934	TomCarbon	
146	3757562	ILove47	
146	1759335	metahom	
146	2536538	Pduhard-	
146	1627356	Pelker	
146	2924895	trictrac	
146	1615710	rexso	
147	937443	CyrilColomb	
147	1486792	Verathez	
147	2506009	Lifko	
147	1822346	Arcaseus	
147	1588583	dANNs	
147	3789595	jgmp	
147	2025868	sumoru	
148	235182	flure	
148	1059466	ballin	
148	1467316	last	
148	1930183	Bureau132	
148	954474	Tijana	
148	2061249	delisea	
149	950896	rgeissler	
149	1228172	blueneosky	
149	1745573	daninnm	
149	2595568	lkm	
149	1336464	magaiti	
150	731594	paladinlll	
150	1294940	kirijama	
150	1274026	Sethius	
150	1045485	Jessie	
151	1169352	BrucePayne	
151	1025212	Asterixk	
151	1438884		
151	1199716	FunkyCat	
151	969316	masterglob	
151	1285028	bauren_a	
151	2004988	Jelmerta	
151	1397828	_ryuu	
151	2976964	BenjaminUrquhart	
151	3373448	InspecteurTutu	
152	914905	CodingDwarf	
152	781040	startega	
152	2350904	Nyng	
152	2311105	kovi	
153	153674	GQMP	
153	189082	bejalal17	
153	1373949	Pseudo83	
153	1102639	Shimakaze	
153	1774483	Zirphil	
153	1962419	Gerardufoin	
153	1549145	Mealc	
154	414563	Sakarah	
154	943556	DollarAkshay	
154	964794	Lopital	
154	1535449	Kisioj	
154	1288779	TB88	
154	1310206	bdudek	
154	2241968	Deved	
155	897027	mars49	
155	867714	DragosI	
155	261666	flaviodesousa	
155	1251381	ZepHead	
155	2327956	Silver2	
155	2779208	Pt300	
155	3980409	Fanfouer	
156	854752	MouleMan	
156	1016398	Jar	
156	1073420	Dotdust	
156	1140027	theBee	
156	1633622	nasplit	
156	1472196	zdravce988	
156	153092	Aurep	
157	1250403	Eearslya	
157	1450722	geckyan	
157	1535288	bradenbest	
157	1704251	Olmagzar	
157	1863217	Draradech	
157	1961911	Irthene	
157	2393600	dp1	
157	3628251	Noudnt	
157	1106450	RiSuS	
158	918674	Kallontz	
158	1228581	Blueye	
158	2139722	AHD267	
158	2898291	m.zahniser	
158	3179352	Qwair	
158	3630308	Ragest	
158	2135916	Oioi	
159	907426	AHdoc	
159	1451139	torrey1028	
159	3727174	Crazy_Remi	
159	154806	piwai	
160	969051	malicovek	
160	419181	schube	
160	1035973	Dertasz	
160	1527250	[CPC]glau	
160	1712706	O.M.	
160	877026	NaBoo	
160	3686444	last_xelnaga	
160	3797792	185.165.168.41	
161	1568608	Reaperlord	
161	2245596	BAZooo	
161	154194	E-B-A	
161	4138473	AnonymouX47	
162	861065	bigBrother	
162	984138	Begah	
162	1444175	AxF	
162	1127298	acho-cicsa	
162	1692237	Dr_H	
162	1106797	abossi	
162	3422495	BardoelT	
162	1140677	Crog	
162	3913376	LaurentValade	
163	1058831	Hikachu	
163	1691929	Blubbor	
163	1667366	Rasky	
163	256955	cup_of_tea	
163	3052956	oliv3	
163	1713931	j3r3m	
164	1152008	GrigoreDiviza	
164	825326	g0hl1n	
164	1644872	PanosSpds	
164	883142	MandelWarrior	
164	2253931	Flow_Grisu	
165	155939	xylo	
165	1061390	masmullin	
165	1343752	JohannCOSTE	
165	1906578	AquieKang	
165	2140343	nick_m	
165	1137663	dkov	
165	1673512	Ryoken	
165	4100407	sten-san	
166	941625	gmhg	
166	954522	Ange.Gallego	
166	1498163	Ben-oit	
166	1540799	olzone	
166	1741332	LuiStar	
166	1893871	RedCosti	
167	845293	fnoaman	
167	1825796	FlyingYok	
167	3770928	ku-haku	
168	1227235	LuisFaria	
168	1242322	Ayowel	
168	1010214	Serime	
168	1291145	Hich	
168	1714819	factoriel	
168	2265848	Mikihiso	
168	3226448	tobk	
168	3971358	OldJohn	
169	950545	Cobru	
169	1143662	DeuxExMachina	
169	1373301	FurryMyad	
169	1472747	GrSpirit	
169	1687018	abra	
169	3879689	troyw	
170	1029602	Potemkine	
170	2162962		
170	3166298	DennisTheMenace	
171	893598	tjandra	
171	1016819	Jostino	
171	1085890	Acti_keke	
171	1205360	g4m3c0d3r	
171	1838426	fbrossar25	
171	953094	Witman	
172	948682	artcorpse	
172	1686775	blionk	
172	2032083	dobs97	
172	1119014	Greg-HT	
172	3372523	HendrikSCC	
172	1583805	sebipincha	
172	2718975	mykeich	
172	1159598	Wyld_ENiGMA	
173	587769	infusion	
173	968364	Y	
173	1095256	sdchdl	
173	1134478	PedroSilva	
173	977117	Psyho	
173	1447675	mithrantor	
173	664646	asteriskman	
173	1807822	dawzee	
174	917876	ChickenBall	
174	1220514	Sosopol	
174	1188261	sherwood	
175	1007939	Poruk	
175	1238934	accorp	
175	1498207	WarM	
175	2855929	Smour	
176	1110733	crashtestdummy	
176	1594820	Hyuga	
176	1946237	rx7	
177	1592544	zoom_one	
177	1659219	AliToyn	
177	3788667	AntoinePoirier	
178	3519127	jbruienne	
178	3323824	AntoineJT	
179	1462317	Shloumpf	
179	1898847	faga	
180	1874716	RolfQ	
181	947534		
181	1541455	stadanapisem	
181	1631057	Pask	
181	2858335	pac-nam	
181	956638	Pi-Geometry	
181	4036541	Chitose	
182	1317273	[MT]D0cK3r	
182	1164798	ndriscoll	
182	1586077	Woomb	
183	897912		
183	302459	Dogwon	
183	988633	Yoyo	
183	1163349		
183	1225622	zlodag	
183	1220554	jackbot	
183	1959531	gingerBill	
183	2102429	hellocoding	
183	2252914	Malleek	
183	3809853	Emilio-EH	
183	3898994	SirMagic	
184	625098	vmontagn	
184	461071	hec12	
184	1131939	MatthieuJeanson	
184	1355276	mIllIbyte	
184	1665291	The_Whitesage	
185	1128253	mosti	
185	821274	Asteb612	
185	1553949	Freakosaki	
185	1806839	Spiritual_Link	
186	970211	Joyu	
186	1000684	Michel_Bresil	
186	1168929	gables	
186	154825	GS	
186	820261	Sp	
186	1833579	PodgyPanda	
186	2221464	Solunis	
187	878638	Lupin	
187	929591	dormors	
187	1135858	tinaun	
187	1382430	Takenoko	
187	1687605	jeej	
187	3305445	luser_	
188	409221	JohnGresham	
188	1108231	LordFokas	
188	1122412	TheNinja	
188	1465300	Romario	
188	826372	skyyker	
188	1816257	Bullle	
189	155091	smeagol	
189	1140707	Plopounet	
189	1380873	vks	
189	3354859	oneagain	
190	664688	Tazzimens	
190	1021689	Nemesmarci	
190	1332837	Indef	
190	1889170	mvujas	
191	966280	Visconde	
191	1096883	dlintw	
191	586933	cems	
191	1435699	Sunshine	
191	1605213	bachler	
191	1755218	Valsor	
192	686118	piou59215	
192	1438965	eti42b	
192	913443	Kido	
192	3922983	Steenall	
193	940835		
193	1082314	Astralenigma	
193	1246194	IAmT	
193	154735	Kailor	
193	3351131	osmedile	
194	1197923	jcd	
194	1506842	Nainbarbu	
194	1458157	chocolatecharlie	
194	1782970	chante42	
194	1112073	Pouf	
194	1445931	albantor30	
194	2763635	Andrew97	
194	2808727	Jinnat	
194	4039328	KleinesAtom93	
195	1013649	Nodren	
195	1441775	Liv	
195	1790834	nalsrA	
196	888746	Phate	
196	1037490	roel0	
196	230794	alpha_one_x86	
196	1263648		
196	1669978	Kengreville	
196	1027243	Wiho	
196	3766476	mhouppin	
197	835636	texus	
197	982909	tvv	
197	342168	Riako	
197	1028811	FildArt	
197	918248	kazeyoshi	
197	1479930	LeRenard	
197	2724153	CharlesGoose	
198	952907	Eshem	
198	1067087	Testoubidou	
198	1713722	pero5ar	
198	1536207	RaveAnge	
198	1205112	renukan	
198	1013868	Garogolun	
198	3712478	fy18vo	
199	1059680	Giova95	
199	234384	syef	
199	906305	CORDON_Paul	
199	3409322	nlsc	
199	4002254	SanderMangelschots	
200	1096223	nidpez	
200	1635368	Vilero	
200	3435146	ajuvercr	
200	2115491	Haashi	
200	2613192	sigus	
201	912633	Poviliukas	
201	988932	xoreaxeax	
201	1400377	BenTaylor	
201	2457201	PuzzleDragon	
201	2191485	Meft	
201	1958337	AntonioDF	
201	3320101	megahallon	
202	795798	LP21	
202	966423	Godzil	
203	1018225	racribeiro	
203	1094297	Isleynorth	
203	1225072	Chirel	
203	782461	Demi-Sel	
203	3738782	Inaniwa	
204	1281597	T.Kies	
204	1288085	Wizels	
204	1535326	adrh	
204	3763299	fratajcz	
205	971144	Folista	
205	985886	lufi	
205	417433	Oakos	
205	956759	anthoxo	
205	2819688	Xaratheus	
205	2986468	Mac_Attack	
206	916258	badbouille	
206	1075515	pirateking	
206	988322	NickDeH	
206	1186295	bilelovitch	
206	1220337	Kaveena	
206	875840	ThomasEcalle	
206	1073604	speedFast	
206	1520298	Bejn	
206	1953786	ludowsky	
206	3643967	VacanceMathieu	
206	4027292	rmait	
207	1221059	SilverMatch	
207	1288921	Korlash	
207	1418821	input.txt	
208	939866	TelePario	
208	1841653	Artdanion	
208	1822268	Mikke_Hominik	
209	1388912	KristjanKica	
209	425462	Azt-yur	
209	1839234	bugre	
210	919090	Baris	
210	1813914		
211	953090	VisVessla	
211	1410680	EzLucky	
211	241571	Xophe	
211	2228298	tiog55	
211	1010476	Migrou	
212	1176732	kAworu	
212	1407628	lika	
212	2094269	u-sho	
212	3989873	JirkaS	
213	899575	__	
213	902445	repeater	
213	1220650	PhantomEcho327	
213	1741344	superfx12	
213	3816502	Dullard12354	
213	3921345	JFP81	
214	969874		
214	1584426	InseiRobin	
214	2932889	shushiri	
214	2172874	Med1ane	
215	943887	Le_Flo	
215	1085004		
215	3787419	Thyl	
215	1393802	a.mezhenin	
216	994164	twahfeld	
216	274738	Neuronal	
216	1187913	mutcher	
217	1095856	babs	
217	1136279		
217	1080233	Nca	
217	1995298	Magicspoon	
218	1496007	Parrin	
219	464006	Ryugate	
219	1127464	Corik87	
219	866440	Archy	
219	2455124	agiordan	
219	3126089	hyord	
220	1153156	Smag	
220	1783604	Vry	
220	2661768	PifPif	
221	907632	Cipri	
221	1606312	kohei	
221	4090664	sikr_	
222	1434664	Hiko	
222	1499630	Joefish	
222	2394190	ziharccos	
223	830819	johnnyhibiki	
223	1142298	JEzpeleta	
223	221648	stephenvk	
223	1466631	Akrib	
224	279504	TheDarkTiger	
224	826464	victorp	
224	1058056	man...	
224	1588269	Emptee	
224	2350115	geekaaron	
224	1273654	steff	
224	2438011	Findo	
224	2853578	Colombo	
225	1675720	AxFab	
225	2650681	pohdiak789	
226	1816961	pwlrfl	
226	2406738	Julien_V	
226	1575069	elte	
227	959960	AlexSensei	
227	1139649	Mabus	
228	1080429	FateRunner	
228	1680266	sidd69	
228	1808915	SK0RM	
229	908511		
229	1458346	mauli	
230	1267488	DrMad	
230	1411437	Mydym	
230	1522371	qwertiklubo	
230	1281339	notex	
231	275665	ddntomb	
231	3283415	Bon[]Crayon	
233	1149730	Fayaru	
233	307892	eeL	
233	2497595	touatily	
233	3338191	C_Boy	
234	386350	Nekith	
234	1518672	glouyot	
234	2032084	dylaneckersall	
234	1427871	rebol	
235	1065435	Remi	
236	512964	Jowy	
236	921243	GerhardSaure	
236	2464008	Sinchiroca	
236	2224742	FloLD	
236	1212662	jinnturtle	
237	3530106	Tygyh	
237	4060472	Kalt	
238	975666	TheFox22	
238	1010993	Hurrikhan	
239	662401	LoveMHz	
239	3760911	ClemaX	
240	3803101	CRVII	
241	1177861	Oncle_Bens	
241	1494919	0xff800000	
242	3678513	glycol	
242	1255740	terwal	
243	966759	Judas_Iscariote	
243	1063292	overflow	
243	979707	maciekniewielki	
243	1245102	LawAmulet	
243	1401112	Jajoe	
244	1705746	ChrisAV	
245	1054195	Wasa94	
245	2210652	Bramory	
245	3699035	Ch0k6973	
246	941805	losGismos	
246	1214462	EnochianDevil	
247	899606	ileonte	
247	2411048	Sebidoux	
249	1012608	Tatien	
249	1241052	AlbanMontagne	
249	3138005	GerJCS	
251	2354299	checkam	
251	1112287	ArshiA	
251	3663525	Duphus	
252	923505	ouille	
252	947530		
252	1472288	Gyathaar	
252	1684325	Lambek	
253	628334	beecanyon	
253	2093060	OursDesCavernes	
253	3585931	Kumaneko	
254	2226772	Nov	
255	953995	Aifos	
256	845276	Daragh	
256	912119	LucasOgura	
257	988939	JoeJ1	
257	1045255	STommydx	
257	821324	schullq	
257	3077278	Folchon	
261	1200170	Tagashy	
261	1897246	Olag	
262	795179	DevilMoustik	
262	999844		
263	742006	KrahnacK	
263	636539	zennad	
264	1233063		
264	4058636	HMMD	
265	2925977	VJCT	
266	1385733		
267	1010817	Vorgrar	
267	1219844	f2404	
268	1246990	PouletArdent	
268	1022195	Kwuxy	
268	3765105	lainislain	
269	817627	geot	
270	1120615	kubajz	
270	1187573	svelhinh	
270	895944		
271	1235673	Lirkin	
271	3567543	JonathanKevinChicheportiche	
272	739661	Nekrolm	
272	1002546	Obbi	
272	2046329	option0417	
274	3768412	calebharrison	
276	1086162		
276	1301595	Number_two	
276	1121615	Elogo	
276	3896228	Boruwaka	
277	1009302	yojas_c	
278	3641936	MattHuang	
279	912651	0006-lVH	
279	1186016	Samll	
279	3828445	AIR	
281	1717718	Mordaine	
281	1473781	lionelthemonk	
283	331350	nameless	
283	1330864	Myst22	
284	825049	Scheronimus	
284	955745	Ampholyte	
284	984679	aldebaran	
284	567144	Kusefiru	
285	4073544	RNeves	
287	503645	Ewen	
288	1062754	ZiVX	
288	3400787	axeKi	
290	921654	szederz	
292	979749	billhien	
292	1166365	Julien.B	
292	1600229	Emilem	
292	3066640	MaherYounsi	
293	982245		
294	1229257	Pingwi	
294	1232236		
297	940154	Dwilad	
297	1110169	eiredderie09	
297	3333708	SupaLeo	
298	2290633	field3	
299	813590	DRKOJI	
300	946074	Hmpf	
303	1135109	pitch314	
303	2169719	KaluTheFrog	
304	1118389		
304	1483452	SmokeDog	
304	1006340	Gamer-omar	
305	1486054	Gwakamol	
308	1108973	garydesbois	
308	222607	Sambiak	
309	1275409	MaxFyraZ	
310	253280	dede85	
310	3231761	Shubhro	
312	969593	zythosphere	
313	3459468	Bernard_Marx	
314	1451556	[MMI]_JA	
317	880381	The_Noob	
317	1851239	Vladdd	
318	915770	Romsteck	
319	936495	LittleCrow	
319	1877600	Beren	
320	4057900	Pime	
321	888439	ysharc	
322	954014	ricktop	
323	1529485	Igna_v	
324	1347771	AirBair	
325	1270417	d4rkw3st	
326	1508121	projectindex	
327	2654691	Macross	
328	1880054	Carveo	
331	1152647	PajamaProgrammer	
331	1255802	AhmetYasinUslu	
337	806823	Zer0	
337	1708175	sirmokona	
337	2341954	BetaCorn	
338	1835014	Frits	
340	3449975	OykuKoca	
341	3115713	faneyer	
342	1939276	Gautitho	
343	918474	darkspawn	
345	3126741	Kat_Klinex	
347	860941	Leloozer	
348	878168	Czaporka	
349	958434	Sonny22	
349	1131396	zizoupolo	
350	1054711	FrancescoBottino	
352	1422180		
352	1397268	RTLB	
353	1409631	Yokokoyo	
354	1205981	JovanPeskanov	
355	508527	Anthony-Raymond	
357	3978833	Mattecoco	
358	911942	Tomtom1996	
359	1860689	CeParis	
360	1005779	SirMegaladon	
362	352433	BeCool	
362	1097343	Alkonost	
364	896646	Alcide	
365	1518700	Fuji	
366	989817	Quarks	
367	1206477	LeCanard	
368	841238	Rustam	
368	1069638	Benemor	
369	1455048	RFanfan	
371	309234	RobinG	
372	1055923	MatteoVigni	
372	3465870	HBaudet	
373	2619639	Totonio	
375	2478222	N4th	
376	3356446	Mortalite	
379	1187515	djamelfel	
380	843805	vinumdaemonum	
380	2501595	casseur	
385	1050805	natridge	
386	1589131	FozzyDestroyer	
387	1058008	Fryne	
388	2554058	vrelt	
389	1139004	rasic	
389	1601464	ede1998	
391	917606	Jomi	
391	647508	Nimmitha	
392	931653	KUKILOP	
392	2029112	celeri	
393	359529	vIg0r	
393	2118335	JMKain	
395	909857	FabioRossi	
396	1060024	Mainro	
396	1283317	Sharkalash	
396	3550406		
398	1318098	Thunderbolt	
401	1147542	IftekharulRupam	
404	923462	c_thur	
404	2591080	Zkillerwolfe	
407	1167960	RamC	
407	2774340	Akip4	
408	1788684	Matau	
410	885525	HGreed	
414	964995	BertrandO	
415	3653401	Hidetora	
416	2165183	craig_macmuffin	
416	3102370	munderzi	
417	939418	MailleKeul	
417	1271547	JavierFernandez	
417	1729733	CLiviu	
419	918285	Danon	
421	916086	Jabub	
423	1103593		
424	277578	mohraich	
424	906315		
424	613022	Imef	
424	1054143	KUN	
424	2585145		
425	1238978	L2	
425	3424138	pepnou	
426	1003799	FalCie3	
426	1339506	TakiiCoder	
428	883569	sdjhfdsq	
431	3961946	UmeHearts	
433	944297	Serya	
438	1695895	C_Collamar	
438	3842481	Randir	
443	1701936	Chatterton	
447	1219387	PabloCarrillo	
448	1548886	TiagoSoares	
450	3096941	Monkey57500	
452	660616	onkery	
457	1048574	Saurwath	
459	1031030	Tibilix	
463	947376	Izov	
464	1834431	Mabe	
467	1364908	Binouz	
467	1909186	astas13	
469	215395	Enknable	
470	897767	Crazenezz	
471	1419281	Potter	
473	925126	REN	
476	960831	Hiero	
478	875453	Chapel	
479	840821	Kokoos	
483	331480	Glasfeu	
483	653174	Smelk	
486	2716216	PixelVert	
487	1376780	WAZAAAAAAA	
487	1774931	F4nf	
487	799457	Cyrano2	
488	1379064	Joe101010	
489	201497	mrhide	
491	969439	Dary	
492	1376885	alekceu4uk	
499	1491752	subash	
503	1007488	SaleCar	
509	1050423	Masked_Muchacho	
512	1252082	MohamedNouamane	
513	449129	Nanosoft	
516	2817706	JackieJiggs	
526	504450	rbusseti	
527	2316130	NovusNota	
529	1342595	Andre_Santos	
533	917308	Diehardofdeath	
534	1247204	Uswald	
534	1001985	romrd468	
534	1323610	Fate-kun	
535	1310889	JokerMZD	
536	1103710	Leslie_Yang	
539	1727735	Wasuji	
540	1137307	etnarek	
542	1523636	dabretpi	
542	2256786	twl42	
544	3430342	treefell	
547	1064557	Mounis	
548	2817703	jess_dani14	
550	1060249	ScigeJohnLiu	
555	488044	nerd_boy	
559	3970127		
560	1324384	PopSong	
566	2549402		
569	884055		
573	833853	Alpkant	
576	1753007	Suryanto	
577	1042487	Jihad	
579	3805339	ritu_2005425	
579	3865147	shradhakshirsagar_2050074	
579	3866888	2005398	
581	3801007	aakashram2005664	
582	1592289	pcmagno	
589	1652786	Chester	
590	924811	Henzo	
592	1112666	Monjii	
592	2503061	Ksoonyue	
594	1751642	pielloy	
594	3500412	donmichael	
595	1273366	BorntoCode	
595	2480170	40423113L	
595	3803513	Antony_2005481	
597	1311005	Weiss	
597	1630043	SWArTzless	
598	1474448	Sagi	
599	3009755	HZU	
603	1136776	Ashur	
606	1528981	xXxRyanxXx	
606	1639488	jamsven	
606	1641356	sigitkw	
612	1160803	Raag	
616	270648	Fanch	
619	951283	Garra	
620	1757617	DeadManLogan	
621	1205161	maydi	
621	2590788	NgMauGuan	
629	2765836	stonerat	
631	908099	HariKiran	
634	894078	Falconlover	
644	1047047	jeff_jft	
647	910232	Vans	
647	2241434	Xispa	
648	932630		
650	2485617		
653	1080837	ktg	
654	1464531	SlKz	
656	1303716	Hassak	
660	2499894	clem744	
670	860054	Soltri	
672	900975	GeorgeZhukov	
672	1504723	chek	
674	4054826	AiYoWeiYa	
675	1077559	PhOeNyX	
676	3313128	Ultrixx	
677	1273737	mike14544	
677	1236220	scombat	
683	1200442	guico	
686	997360	MiniWolskys	
689	1030331	Sangoben	
691	4086108	cnihoul	
693	2593219	Remmox	
697	1316552	nicopastor	
700	1122056	JaneDoe2512	
708	3084394	RR91	
709	3475194		
710	1800350	Micolino	
712	4112733	SGE-GamingWarrior	
713	2099334	PricedAsh	
714	3706546		
715	810434	Mani	
717	905601	IAmAStealer	
728	908062	tofu	
729	1466459	Number6406	
731	1250318	ptitlazy	
732	1272020	SlipSlapImBack	
733	1804451	theforcebemay	
737	1037529	Despote	
739	3126146		
740	3485445		
741	1159473	Fee.Deuspi	
743	1110675	canard_de_magret	
749	1523068	lozna	
749	2725249	AbsoluteUnit	
753	3560205	NAMNORI	
759	1049834	pggb25	
759	1115000	IvanUcherdzhiev	
759	3638071	Wild0p	
759	3833288	omkar_2005203	
